nohup: ignoring input
============================================================
  CardioEquation V2: Training Pipeline
============================================================
   Activated: /home/user04/Projects/Cardio/CardioEquation/venv_v2/bin/python
   Python: Python 3.10.12

📦 Installing PyTorch (CUDA 12.1)...
📦 Installing project dependencies...
📊 W&B: Logging in...
   ✅ W&B authenticated

🖥️  GPU Verification:
   ✅ GPU: NVIDIA A100 80GB PCIe (85.1 GB)
   ✅ BF16 Support: True
   ✅ CUDA Version: 12.1

============================================================
📥 Step 1: Downloading & Processing ALL Datasets
============================================================
📦 Downloading MIT-BIH + PTB-XL + Chapman-Shaoxing...

🫀 CardioEquation V2: Dataset Downloader
============================================================
============================================================
📥 Downloading MIT-BIH Arrhythmia Database
   Target: /home/user04/Projects/Cardio/CardioEquation/data/mitbih_raw
   Records: 48
============================================================

   Result: 0 downloaded, 48 already existed, 0 failed

============================================================
⚙️  Processing MIT-BIH for Forecasting
   Context: 10s, Future: 10s, Stride: 10s
   Output: /home/user04/Projects/Cardio/CardioEquation/data/mitbih_forecasting.npz
============================================================
   ✅ Created: 8592 samples
   Context: (8592, 5000, 1), Future: (8592, 5000, 1)
   💾 Saved: /home/user04/Projects/Cardio/CardioEquation/data/mitbih_forecasting.npz

============================================================
📊 Summary (took 37s):
   ✅ mitbih_download
   ✅ mitbih_process

✅ All datasets ready! You can start training.

   Next step: python verify_datasets.py

🫀 CardioEquation V2: Dataset Downloader
============================================================
============================================================
📥 Downloading PTB-XL Dataset
   Target: /home/user04/Projects/Cardio/CardioEquation/data/ptbxl
   Size: ~800 MB (21,837 records, 12-lead, 100Hz LR)
============================================================
   ✅ CSV already exists, skipping.
   ✅ LR records already downloaded (21799 records), skipping.

   ✅ PTB-XL already processed (21799 records), skipping.

============================================================
📊 Summary (took 4s):
   ✅ ptbxl_download
   ✅ ptbxl_process

✅ All datasets ready! You can start training.

   Next step: python verify_datasets.py
Last-modified header missing -- time-stamps turned off.
2026-03-10 19:47:44 URL:https://physionet.org/files/ecg-arrhythmia/1.0.0/ [832] -> "/home/user04/Projects/Cardio/CardioEquation/data/chapman_shaoxing/index.html" [1]
Last-modified header missing -- time-stamps turned off.
2026-03-10 19:47:45 URL:https://physionet.org/files/ecg-arrhythmia/1.0.0/WFDBRecords/ [5227] -> "/home/user04/Projects/Cardio/CardioEquation/data/chapman_shaoxing/WFDBRecords/index.html" [1]
Last-modified header missing -- time-stamps turned off.
2026-03-10 19:47:46 URL:https://physionet.org/files/ecg-arrhythmia/1.0.0/WFDBRecords/01/ [1355] -> "/home/user04/Projects/Cardio/CardioEquation/data/chapman_shaoxing/WFDBRecords/01/index.html" [1]
Last-modified header missing -- time-stamps turned off.
2026-03-10 19:47:46 URL:https://physionet.org/files/ecg-arrhythmia/1.0.0/WFDBRecords/02/ [1355] -> "/home/user04/Projects/Cardio/CardioEquation/data/chapman_shaoxing/WFDBRecords/02/index.html" [1]
Last-modified header missing -- time-stamps turned off.
2026-03-10 19:47:47 URL:https://physionet.org/files/ecg-arrhythmia/1.0.0/WFDBRecords/03/ [1355] -> "/home/user04/Projects/Cardio/CardioEquation/data/chapman_shaoxing/WFDBRecords/03/index.html" [1]
Last-modified header missing -- time-stamps turned off.
2026-03-10 19:47:47 URL:https://physionet.org/files/ecg-arrhythmia/1.0.0/WFDBRecords/04/ [1355] -> "/home/user04/Projects/Cardio/CardioEquation/data/chapman_shaoxing/WFDBRecords/04/index.html" [1]
Last-modified header missing -- time-stamps turned off.
2026-03-10 19:47:47 URL:https://physionet.org/files/ecg-arrhythmia/1.0.0/WFDBRecords/05/ [1355] -> "/home/user04/Projects/Cardio/CardioEquation/data/chapman_shaoxing/WFDBRecords/05/index.html" [1]
Last-modified header missing -- time-stamps turned off.
2026-03-10 19:47:48 URL:https://physionet.org/files/ecg-arrhythmia/1.0.0/WFDBRecords/06/ [1355] -> "/home/user04/Projects/Cardio/CardioEquation/data/chapman_shaoxing/WFDBRecords/06/index.html" [1]
Last-modified header missing -- time-stamps turned off.
2026-03-10 19:47:49 URL:https://physionet.org/files/ecg-arrhythmia/1.0.0/WFDBRecords/07/ [1355] -> "/home/user04/Projects/Cardio/CardioEquation/data/chapman_shaoxing/WFDBRecords/07/index.html" [1]
Last-modified header missing -- time-stamps turned off.
2026-03-10 19:47:49 URL:https://physionet.org/files/ecg-arrhythmia/1.0.0/WFDBRecords/08/ [1355] -> "/home/user04/Projects/Cardio/CardioEquation/data/chapman_shaoxing/WFDBRecords/08/index.html" [1]
Last-modified header missing -- time-stamps turned off.
2026-03-10 19:47:49 URL:https://physionet.org/files/ecg-arrhythmia/1.0.0/WFDBRecords/09/ [1355] -> "/home/user04/Projects/Cardio/CardioEquation/data/chapman_shaoxing/WFDBRecords/09/index.html" [1]
Last-modified header missing -- time-stamps turned off.
2026-03-10 19:47:49 URL:https://physionet.org/files/ecg-arrhythmia/1.0.0/WFDBRecords/10/ [1355] -> "/home/user04/Projects/Cardio/CardioEquation/data/chapman_shaoxing/WFDBRecords/10/index.html" [1]
Last-modified header missing -- time-stamps turned off.
2026-03-10 19:47:50 URL:https://physionet.org/files/ecg-arrhythmia/1.0.0/WFDBRecords/11/ [1355] -> "/home/user04/Projects/Cardio/CardioEquation/data/chapman_shaoxing/WFDBRecords/11/index.html" [1]
Last-modified header missing -- time-stamps turned off.
2026-03-10 19:47:51 URL:https://physionet.org/files/ecg-arrhythmia/1.0.0/WFDBRecords/12/ [1355] -> "/home/user04/Projects/Cardio/CardioEquation/data/chapman_shaoxing/WFDBRecords/12/index.html" [1]
Last-modified header missing -- time-stamps turned off.
2026-03-10 19:47:51 URL:https://physionet.org/files/ecg-arrhythmia/1.0.0/WFDBRecords/13/ [1355] -> "/home/user04/Projects/Cardio/CardioEquation/data/chapman_shaoxing/WFDBRecords/13/index.html" [1]
Last-modified header missing -- time-stamps turned off.
2026-03-10 19:47:52 URL:https://physionet.org/files/ecg-arrhythmia/1.0.0/WFDBRecords/14/ [1355] -> "/home/user04/Projects/Cardio/CardioEquation/data/chapman_shaoxing/WFDBRecords/14/index.html" [1]
Last-modified header missing -- time-stamps turned off.
2026-03-10 19:47:52 URL:https://physionet.org/files/ecg-arrhythmia/1.0.0/WFDBRecords/15/ [1355] -> "/home/user04/Projects/Cardio/CardioEquation/data/chapman_shaoxing/WFDBRecords/15/index.html" [1]
Last-modified header missing -- time-stamps turned off.
2026-03-10 19:47:52 URL:https://physionet.org/files/ecg-arrhythmia/1.0.0/WFDBRecords/16/ [1355] -> "/home/user04/Projects/Cardio/CardioEquation/data/chapman_shaoxing/WFDBRecords/16/index.html" [1]
Last-modified header missing -- time-stamps turned off.
2026-03-10 19:47:53 URL:https://physionet.org/files/ecg-arrhythmia/1.0.0/WFDBRecords/17/ [1355] -> "/home/user04/Projects/Cardio/CardioEquation/data/chapman_shaoxing/WFDBRecords/17/index.html" [1]
Last-modified header missing -- time-stamps turned off.
2026-03-10 19:47:54 URL:https://physionet.org/files/ecg-arrhythmia/1.0.0/WFDBRecords/18/ [1355] -> "/home/user04/Projects/Cardio/CardioEquation/data/chapman_shaoxing/WFDBRecords/18/index.html" [1]
Last-modified header missing -- time-stamps turned off.
2026-03-10 19:47:54 URL:https://physionet.org/files/ecg-arrhythmia/1.0.0/WFDBRecords/19/ [1355] -> "/home/user04/Projects/Cardio/CardioEquation/data/chapman_shaoxing/WFDBRecords/19/index.html" [1]
Last-modified header missing -- time-stamps turned off.
2026-03-10 19:47:55 URL:https://physionet.org/files/ecg-arrhythmia/1.0.0/WFDBRecords/20/ [1355] -> "/home/user04/Projects/Cardio/CardioEquation/data/chapman_shaoxing/WFDBRecords/20/index.html" [1]
Last-modified header missing -- time-stamps turned off.
2026-03-10 19:47:55 URL:https://physionet.org/files/ecg-arrhythmia/1.0.0/WFDBRecords/21/ [1355] -> "/home/user04/Projects/Cardio/CardioEquation/data/chapman_shaoxing/WFDBRecords/21/index.html" [1]
Last-modified header missing -- time-stamps turned off.
2026-03-10 19:47:56 URL:https://physionet.org/files/ecg-arrhythmia/1.0.0/WFDBRecords/22/ [1355] -> "/home/user04/Projects/Cardio/CardioEquation/data/chapman_shaoxing/WFDBRecords/22/index.html" [1]
Last-modified header missing -- time-stamps turned off.
2026-03-10 19:47:56 URL:https://physionet.org/files/ecg-arrhythmia/1.0.0/WFDBRecords/23/ [1355] -> "/home/user04/Projects/Cardio/CardioEquation/data/chapman_shaoxing/WFDBRecords/23/index.html" [1]
Last-modified header missing -- time-stamps turned off.
2026-03-10 19:47:57 URL:https://physionet.org/files/ecg-arrhythmia/1.0.0/WFDBRecords/24/ [1355] -> "/home/user04/Projects/Cardio/CardioEquation/data/chapman_shaoxing/WFDBRecords/24/index.html" [1]
Last-modified header missing -- time-stamps turned off.
2026-03-10 19:47:57 URL:https://physionet.org/files/ecg-arrhythmia/1.0.0/WFDBRecords/25/ [1355] -> "/home/user04/Projects/Cardio/CardioEquation/data/chapman_shaoxing/WFDBRecords/25/index.html" [1]
Last-modified header missing -- time-stamps turned off.
2026-03-10 19:47:58 URL:https://physionet.org/files/ecg-arrhythmia/1.0.0/WFDBRecords/26/ [1355] -> "/home/user04/Projects/Cardio/CardioEquation/data/chapman_shaoxing/WFDBRecords/26/index.html" [1]
Last-modified header missing -- time-stamps turned off.
2026-03-10 19:47:58 URL:https://physionet.org/files/ecg-arrhythmia/1.0.0/WFDBRecords/27/ [1355] -> "/home/user04/Projects/Cardio/CardioEquation/data/chapman_shaoxing/WFDBRecords/27/index.html" [1]
Last-modified header missing -- time-stamps turned off.
2026-03-10 19:47:59 URL:https://physionet.org/files/ecg-arrhythmia/1.0.0/WFDBRecords/28/ [1355] -> "/home/user04/Projects/Cardio/CardioEquation/data/chapman_shaoxing/WFDBRecords/28/index.html" [1]
Last-modified header missing -- time-stamps turned off.
2026-03-10 19:47:59 URL:https://physionet.org/files/ecg-arrhythmia/1.0.0/WFDBRecords/29/ [1355] -> "/home/user04/Projects/Cardio/CardioEquation/data/chapman_shaoxing/WFDBRecords/29/index.html" [1]
Last-modified header missing -- time-stamps turned off.
2026-03-10 19:48:00 URL:https://physionet.org/files/ecg-arrhythmia/1.0.0/WFDBRecords/30/ [1355] -> "/home/user04/Projects/Cardio/CardioEquation/data/chapman_shaoxing/WFDBRecords/30/index.html" [1]
Last-modified header missing -- time-stamps turned off.
2026-03-10 19:48:00 URL:https://physionet.org/files/ecg-arrhythmia/1.0.0/WFDBRecords/31/ [1355] -> "/home/user04/Projects/Cardio/CardioEquation/data/chapman_shaoxing/WFDBRecords/31/index.html" [1]
Last-modified header missing -- time-stamps turned off.
2026-03-10 19:48:00 URL:https://physionet.org/files/ecg-arrhythmia/1.0.0/WFDBRecords/32/ [1355] -> "/home/user04/Projects/Cardio/CardioEquation/data/chapman_shaoxing/WFDBRecords/32/index.html" [1]
Last-modified header missing -- time-stamps turned off.
2026-03-10 19:48:01 URL:https://physionet.org/files/ecg-arrhythmia/1.0.0/WFDBRecords/33/ [1355] -> "/home/user04/Projects/Cardio/CardioEquation/data/chapman_shaoxing/WFDBRecords/33/index.html" [1]
Last-modified header missing -- time-stamps turned off.
2026-03-10 19:48:02 URL:https://physionet.org/files/ecg-arrhythmia/1.0.0/WFDBRecords/34/ [1355] -> "/home/user04/Projects/Cardio/CardioEquation/data/chapman_shaoxing/WFDBRecords/34/index.html" [1]
Last-modified header missing -- time-stamps turned off.
2026-03-10 19:48:02 URL:https://physionet.org/files/ecg-arrhythmia/1.0.0/WFDBRecords/35/ [1355] -> "/home/user04/Projects/Cardio/CardioEquation/data/chapman_shaoxing/WFDBRecords/35/index.html" [1]
Last-modified header missing -- time-stamps turned off.
2026-03-10 19:48:02 URL:https://physionet.org/files/ecg-arrhythmia/1.0.0/WFDBRecords/36/ [1355] -> "/home/user04/Projects/Cardio/CardioEquation/data/chapman_shaoxing/WFDBRecords/36/index.html" [1]
Last-modified header missing -- time-stamps turned off.
2026-03-10 19:48:03 URL:https://physionet.org/files/ecg-arrhythmia/1.0.0/WFDBRecords/37/ [1355] -> "/home/user04/Projects/Cardio/CardioEquation/data/chapman_shaoxing/WFDBRecords/37/index.html" [1]
Last-modified header missing -- time-stamps turned off.
2026-03-10 19:48:03 URL:https://physionet.org/files/ecg-arrhythmia/1.0.0/WFDBRecords/38/ [1355] -> "/home/user04/Projects/Cardio/CardioEquation/data/chapman_shaoxing/WFDBRecords/38/index.html" [1]
Last-modified header missing -- time-stamps turned off.
2026-03-10 19:48:04 URL:https://physionet.org/files/ecg-arrhythmia/1.0.0/WFDBRecords/39/ [1355] -> "/home/user04/Projects/Cardio/CardioEquation/data/chapman_shaoxing/WFDBRecords/39/index.html" [1]
Last-modified header missing -- time-stamps turned off.
2026-03-10 19:48:04 URL:https://physionet.org/files/ecg-arrhythmia/1.0.0/WFDBRecords/40/ [1355] -> "/home/user04/Projects/Cardio/CardioEquation/data/chapman_shaoxing/WFDBRecords/40/index.html" [1]
Last-modified header missing -- time-stamps turned off.
2026-03-10 19:48:04 URL:https://physionet.org/files/ecg-arrhythmia/1.0.0/WFDBRecords/41/ [1355] -> "/home/user04/Projects/Cardio/CardioEquation/data/chapman_shaoxing/WFDBRecords/41/index.html" [1]
Last-modified header missing -- time-stamps turned off.
2026-03-10 19:48:05 URL:https://physionet.org/files/ecg-arrhythmia/1.0.0/WFDBRecords/42/ [1355] -> "/home/user04/Projects/Cardio/CardioEquation/data/chapman_shaoxing/WFDBRecords/42/index.html" [1]
Last-modified header missing -- time-stamps turned off.
2026-03-10 19:48:05 URL:https://physionet.org/files/ecg-arrhythmia/1.0.0/WFDBRecords/43/ [1355] -> "/home/user04/Projects/Cardio/CardioEquation/data/chapman_shaoxing/WFDBRecords/43/index.html" [1]
Last-modified header missing -- time-stamps turned off.
2026-03-10 19:48:06 URL:https://physionet.org/files/ecg-arrhythmia/1.0.0/WFDBRecords/44/ [1355] -> "/home/user04/Projects/Cardio/CardioEquation/data/chapman_shaoxing/WFDBRecords/44/index.html" [1]
Last-modified header missing -- time-stamps turned off.
2026-03-10 19:48:07 URL:https://physionet.org/files/ecg-arrhythmia/1.0.0/WFDBRecords/45/ [1355] -> "/home/user04/Projects/Cardio/CardioEquation/data/chapman_shaoxing/WFDBRecords/45/index.html" [1]
Last-modified header missing -- time-stamps turned off.
2026-03-10 19:48:07 URL:https://physionet.org/files/ecg-arrhythmia/1.0.0/WFDBRecords/46/ [483] -> "/home/user04/Projects/Cardio/CardioEquation/data/chapman_shaoxing/WFDBRecords/46/index.html" [1]
Last-modified header missing -- time-stamps turned off.
2026-03-10 19:48:10 URL:https://physionet.org/files/ecg-arrhythmia/1.0.0/WFDBRecords/01/010/ [23585] -> "/home/user04/Projects/Cardio/CardioEquation/data/chapman_shaoxing/WFDBRecords/01/010/index.html" [1]
Last-modified header missing -- time-stamps turned off.
2026-03-10 19:48:12 URL:https://physionet.org/files/ecg-arrhythmia/1.0.0/WFDBRecords/01/011/ [23585] -> "/home/user04/Projects/Cardio/CardioEquation/data/chapman_shaoxing/WFDBRecords/01/011/index.html" [1]
Last-modified header missing -- time-stamps turned off.
2026-03-10 19:48:14 URL:https://physionet.org/files/ecg-arrhythmia/1.0.0/WFDBRecords/01/012/ [23585] -> "/home/user04/Projects/Cardio/CardioEquation/data/chapman_shaoxing/WFDBRecords/01/012/index.html" [1]
Last-modified header missing -- time-stamps turned off.
2026-03-10 19:48:15 URL:https://physionet.org/files/ecg-arrhythmia/1.0.0/WFDBRecords/01/013/ [23585] -> "/home/user04/Projects/Cardio/CardioEquation/data/chapman_shaoxing/WFDBRecords/01/013/index.html" [1]
Last-modified header missing -- time-stamps turned off.
2026-03-10 19:48:16 URL:https://physionet.org/files/ecg-arrhythmia/1.0.0/WFDBRecords/01/014/ [23585] -> "/home/user04/Projects/Cardio/CardioEquation/data/chapman_shaoxing/WFDBRecords/01/014/index.html" [1]
Last-modified header missing -- time-stamps turned off.
2026-03-10 19:48:18 URL:https://physionet.org/files/ecg-arrhythmia/1.0.0/WFDBRecords/01/015/ [23585] -> "/home/user04/Projects/Cardio/CardioEquation/data/chapman_shaoxing/WFDBRecords/01/015/index.html" [1]
Last-modified header missing -- time-stamps turned off.
2026-03-10 19:48:19 URL:https://physionet.org/files/ecg-arrhythmia/1.0.0/WFDBRecords/01/016/ [23585] -> "/home/user04/Projects/Cardio/CardioEquation/data/chapman_shaoxing/WFDBRecords/01/016/index.html" [1]
Last-modified header missing -- time-stamps turned off.
2026-03-10 19:48:19 URL:https://physionet.org/files/ecg-arrhythmia/1.0.0/WFDBRecords/01/017/ [23585] -> "/home/user04/Projects/Cardio/CardioEquation/data/chapman_shaoxing/WFDBRecords/01/017/index.html" [1]
Last-modified header missing -- time-stamps turned off.
2026-03-10 19:48:20 URL:https://physionet.org/files/ecg-arrhythmia/1.0.0/WFDBRecords/01/018/ [23585] -> "/home/user04/Projects/Cardio/CardioEquation/data/chapman_shaoxing/WFDBRecords/01/018/index.html" [1]
Last-modified header missing -- time-stamps turned off.
2026-03-10 19:48:21 URL:https://physionet.org/files/ecg-arrhythmia/1.0.0/WFDBRecords/01/019/ [23585] -> "/home/user04/Projects/Cardio/CardioEquation/data/chapman_shaoxing/WFDBRecords/01/019/index.html" [1]
Last-modified header missing -- time-stamps turned off.
2026-03-10 19:48:22 URL:https://physionet.org/files/ecg-arrhythmia/1.0.0/WFDBRecords/02/020/ [23585] -> "/home/user04/Projects/Cardio/CardioEquation/data/chapman_shaoxing/WFDBRecords/02/020/index.html" [1]
Last-modified header missing -- time-stamps turned off.
2026-03-10 19:48:23 URL:https://physionet.org/files/ecg-arrhythmia/1.0.0/WFDBRecords/02/021/ [23585] -> "/home/user04/Projects/Cardio/CardioEquation/data/chapman_shaoxing/WFDBRecords/02/021/index.html" [1]
Last-modified header missing -- time-stamps turned off.
2026-03-10 19:48:23 URL:https://physionet.org/files/ecg-arrhythmia/1.0.0/WFDBRecords/02/022/ [23585] -> "/home/user04/Projects/Cardio/CardioEquation/data/chapman_shaoxing/WFDBRecords/02/022/index.html" [1]
Last-modified header missing -- time-stamps turned off.
2026-03-10 19:48:24 URL:https://physionet.org/files/ecg-arrhythmia/1.0.0/WFDBRecords/02/023/ [23585] -> "/home/user04/Projects/Cardio/CardioEquation/data/chapman_shaoxing/WFDBRecords/02/023/index.html" [1]
Last-modified header missing -- time-stamps turned off.
2026-03-10 19:48:25 URL:https://physionet.org/files/ecg-arrhythmia/1.0.0/WFDBRecords/02/024/ [23585] -> "/home/user04/Projects/Cardio/CardioEquation/data/chapman_shaoxing/WFDBRecords/02/024/index.html" [1]
Last-modified header missing -- time-stamps turned off.
2026-03-10 19:48:27 URL:https://physionet.org/files/ecg-arrhythmia/1.0.0/WFDBRecords/02/025/ [23585] -> "/home/user04/Projects/Cardio/CardioEquation/data/chapman_shaoxing/WFDBRecords/02/025/index.html" [1]
Last-modified header missing -- time-stamps turned off.
2026-03-10 19:48:28 URL:https://physionet.org/files/ecg-arrhythmia/1.0.0/WFDBRecords/02/026/ [23585] -> "/home/user04/Projects/Cardio/CardioEquation/data/chapman_shaoxing/WFDBRecords/02/026/index.html" [1]
Last-modified header missing -- time-stamps turned off.
2026-03-10 19:48:29 URL:https://physionet.org/files/ecg-arrhythmia/1.0.0/WFDBRecords/02/027/ [23585] -> "/home/user04/Projects/Cardio/CardioEquation/data/chapman_shaoxing/WFDBRecords/02/027/index.html" [1]
Last-modified header missing -- time-stamps turned off.
2026-03-10 19:48:30 URL:https://physionet.org/files/ecg-arrhythmia/1.0.0/WFDBRecords/02/028/ [23585] -> "/home/user04/Projects/Cardio/CardioEquation/data/chapman_shaoxing/WFDBRecords/02/028/index.html" [1]
Last-modified header missing -- time-stamps turned off.
2026-03-10 19:48:31 URL:https://physionet.org/files/ecg-arrhythmia/1.0.0/WFDBRecords/02/029/ [23585] -> "/home/user04/Projects/Cardio/CardioEquation/data/chapman_shaoxing/WFDBRecords/02/029/index.html" [1]
Last-modified header missing -- time-stamps turned off.
2026-03-10 19:48:32 URL:https://physionet.org/files/ecg-arrhythmia/1.0.0/WFDBRecords/03/030/ [23585] -> "/home/user04/Projects/Cardio/CardioEquation/data/chapman_shaoxing/WFDBRecords/03/030/index.html" [1]
Last-modified header missing -- time-stamps turned off.
2026-03-10 19:48:33 URL:https://physionet.org/files/ecg-arrhythmia/1.0.0/WFDBRecords/03/031/ [23585] -> "/home/user04/Projects/Cardio/CardioEquation/data/chapman_shaoxing/WFDBRecords/03/031/index.html" [1]
Last-modified header missing -- time-stamps turned off.
2026-03-10 19:48:33 URL:https://physionet.org/files/ecg-arrhythmia/1.0.0/WFDBRecords/03/032/ [23585] -> "/home/user04/Projects/Cardio/CardioEquation/data/chapman_shaoxing/WFDBRecords/03/032/index.html" [1]
Last-modified header missing -- time-stamps turned off.
2026-03-10 19:48:34 URL:https://physionet.org/files/ecg-arrhythmia/1.0.0/WFDBRecords/03/033/ [23585] -> "/home/user04/Projects/Cardio/CardioEquation/data/chapman_shaoxing/WFDBRecords/03/033/index.html" [1]
Last-modified header missing -- time-stamps turned off.
2026-03-10 19:48:35 URL:https://physionet.org/files/ecg-arrhythmia/1.0.0/WFDBRecords/03/034/ [23585] -> "/home/user04/Projects/Cardio/CardioEquation/data/chapman_shaoxing/WFDBRecords/03/034/index.html" [1]
Last-modified header missing -- time-stamps turned off.
2026-03-10 19:48:36 URL:https://physionet.org/files/ecg-arrhythmia/1.0.0/WFDBRecords/03/035/ [23585] -> "/home/user04/Projects/Cardio/CardioEquation/data/chapman_shaoxing/WFDBRecords/03/035/index.html" [1]
Last-modified header missing -- time-stamps turned off.
2026-03-10 19:48:38 URL:https://physionet.org/files/ecg-arrhythmia/1.0.0/WFDBRecords/03/036/ [23585] -> "/home/user04/Projects/Cardio/CardioEquation/data/chapman_shaoxing/WFDBRecords/03/036/index.html" [1]
Last-modified header missing -- time-stamps turned off.
2026-03-10 19:48:40 URL:https://physionet.org/files/ecg-arrhythmia/1.0.0/WFDBRecords/03/037/ [23585] -> "/home/user04/Projects/Cardio/CardioEquation/data/chapman_shaoxing/WFDBRecords/03/037/index.html" [1]
Last-modified header missing -- time-stamps turned off.
2026-03-10 19:48:41 URL:https://physionet.org/files/ecg-arrhythmia/1.0.0/WFDBRecords/03/038/ [23585] -> "/home/user04/Projects/Cardio/CardioEquation/data/chapman_shaoxing/WFDBRecords/03/038/index.html" [1]
Last-modified header missing -- time-stamps turned off.
2026-03-10 19:48:41 URL:https://physionet.org/files/ecg-arrhythmia/1.0.0/WFDBRecords/03/039/ [23585] -> "/home/user04/Projects/Cardio/CardioEquation/data/chapman_shaoxing/WFDBRecords/03/039/index.html" [1]
Last-modified header missing -- time-stamps turned off.
2026-03-10 19:48:43 URL:https://physionet.org/files/ecg-arrhythmia/1.0.0/WFDBRecords/04/040/ [23585] -> "/home/user04/Projects/Cardio/CardioEquation/data/chapman_shaoxing/WFDBRecords/04/040/index.html" [1]
Last-modified header missing -- time-stamps turned off.
2026-03-10 19:48:44 URL:https://physionet.org/files/ecg-arrhythmia/1.0.0/WFDBRecords/04/041/ [23585] -> "/home/user04/Projects/Cardio/CardioEquation/data/chapman_shaoxing/WFDBRecords/04/041/index.html" [1]
Last-modified header missing -- time-stamps turned off.
2026-03-10 19:48:44 URL:https://physionet.org/files/ecg-arrhythmia/1.0.0/WFDBRecords/04/042/ [23585] -> "/home/user04/Projects/Cardio/CardioEquation/data/chapman_shaoxing/WFDBRecords/04/042/index.html" [1]
Last-modified header missing -- time-stamps turned off.
2026-03-10 19:48:45 URL:https://physionet.org/files/ecg-arrhythmia/1.0.0/WFDBRecords/04/043/ [23585] -> "/home/user04/Projects/Cardio/CardioEquation/data/chapman_shaoxing/WFDBRecords/04/043/index.html" [1]
Last-modified header missing -- time-stamps turned off.
2026-03-10 19:48:46 URL:https://physionet.org/files/ecg-arrhythmia/1.0.0/WFDBRecords/04/044/ [23585] -> "/home/user04/Projects/Cardio/CardioEquation/data/chapman_shaoxing/WFDBRecords/04/044/index.html" [1]
Last-modified header missing -- time-stamps turned off.
2026-03-10 19:48:47 URL:https://physionet.org/files/ecg-arrhythmia/1.0.0/WFDBRecords/04/045/ [23585] -> "/home/user04/Projects/Cardio/CardioEquation/data/chapman_shaoxing/WFDBRecords/04/045/index.html" [1]
Last-modified header missing -- time-stamps turned off.
2026-03-10 19:48:47 URL:https://physionet.org/files/ecg-arrhythmia/1.0.0/WFDBRecords/04/046/ [23585] -> "/home/user04/Projects/Cardio/CardioEquation/data/chapman_shaoxing/WFDBRecords/04/046/index.html" [1]
Last-modified header missing -- time-stamps turned off.
2026-03-10 19:48:48 URL:https://physionet.org/files/ecg-arrhythmia/1.0.0/WFDBRecords/04/047/ [23585] -> "/home/user04/Projects/Cardio/CardioEquation/data/chapman_shaoxing/WFDBRecords/04/047/index.html" [1]
Last-modified header missing -- time-stamps turned off.
2026-03-10 19:48:49 URL:https://physionet.org/files/ecg-arrhythmia/1.0.0/WFDBRecords/04/048/ [23585] -> "/home/user04/Projects/Cardio/CardioEquation/data/chapman_shaoxing/WFDBRecords/04/048/index.html" [1]
Last-modified header missing -- time-stamps turned off.
2026-03-10 19:48:49 URL:https://physionet.org/files/ecg-arrhythmia/1.0.0/WFDBRecords/04/049/ [23585] -> "/home/user04/Projects/Cardio/CardioEquation/data/chapman_shaoxing/WFDBRecords/04/049/index.html" [1]
Last-modified header missing -- time-stamps turned off.
2026-03-10 19:48:50 URL:https://physionet.org/files/ecg-arrhythmia/1.0.0/WFDBRecords/05/050/ [23585] -> "/home/user04/Projects/Cardio/CardioEquation/data/chapman_shaoxing/WFDBRecords/05/050/index.html" [1]
Last-modified header missing -- time-stamps turned off.
2026-03-10 19:48:51 URL:https://physionet.org/files/ecg-arrhythmia/1.0.0/WFDBRecords/05/051/ [23585] -> "/home/user04/Projects/Cardio/CardioEquation/data/chapman_shaoxing/WFDBRecords/05/051/index.html" [1]
Last-modified header missing -- time-stamps turned off.
2026-03-10 19:48:51 URL:https://physionet.org/files/ecg-arrhythmia/1.0.0/WFDBRecords/05/052/ [23585] -> "/home/user04/Projects/Cardio/CardioEquation/data/chapman_shaoxing/WFDBRecords/05/052/index.html" [1]
Last-modified header missing -- time-stamps turned off.
2026-03-10 19:48:52 URL:https://physionet.org/files/ecg-arrhythmia/1.0.0/WFDBRecords/05/053/ [23585] -> "/home/user04/Projects/Cardio/CardioEquation/data/chapman_shaoxing/WFDBRecords/05/053/index.html" [1]
Last-modified header missing -- time-stamps turned off.
2026-03-10 19:48:53 URL:https://physionet.org/files/ecg-arrhythmia/1.0.0/WFDBRecords/05/054/ [23585] -> "/home/user04/Projects/Cardio/CardioEquation/data/chapman_shaoxing/WFDBRecords/05/054/index.html" [1]
Last-modified header missing -- time-stamps turned off.
2026-03-10 19:48:54 URL:https://physionet.org/files/ecg-arrhythmia/1.0.0/WFDBRecords/05/055/ [23585] -> "/home/user04/Projects/Cardio/CardioEquation/data/chapman_shaoxing/WFDBRecords/05/055/index.html" [1]
Last-modified header missing -- time-stamps turned off.
2026-03-10 19:48:55 URL:https://physionet.org/files/ecg-arrhythmia/1.0.0/WFDBRecords/05/056/ [23585] -> "/home/user04/Projects/Cardio/CardioEquation/data/chapman_shaoxing/WFDBRecords/05/056/index.html" [1]
Last-modified header missing -- time-stamps turned off.
2026-03-10 19:48:55 URL:https://physionet.org/files/ecg-arrhythmia/1.0.0/WFDBRecords/05/057/ [23585] -> "/home/user04/Projects/Cardio/CardioEquation/data/chapman_shaoxing/WFDBRecords/05/057/index.html" [1]
Last-modified header missing -- time-stamps turned off.
2026-03-10 19:48:56 URL:https://physionet.org/files/ecg-arrhythmia/1.0.0/WFDBRecords/05/058/ [23585] -> "/home/user04/Projects/Cardio/CardioEquation/data/chapman_shaoxing/WFDBRecords/05/058/index.html" [1]
Last-modified header missing -- time-stamps turned off.
2026-03-10 19:48:57 URL:https://physionet.org/files/ecg-arrhythmia/1.0.0/WFDBRecords/05/059/ [23585] -> "/home/user04/Projects/Cardio/CardioEquation/data/chapman_shaoxing/WFDBRecords/05/059/index.html" [1]
Last-modified header missing -- time-stamps turned off.
2026-03-10 19:48:58 URL:https://physionet.org/files/ecg-arrhythmia/1.0.0/WFDBRecords/06/060/ [23585] -> "/home/user04/Projects/Cardio/CardioEquation/data/chapman_shaoxing/WFDBRecords/06/060/index.html" [1]
Last-modified header missing -- time-stamps turned off.
2026-03-10 19:48:59 URL:https://physionet.org/files/ecg-arrhythmia/1.0.0/WFDBRecords/06/061/ [23585] -> "/home/user04/Projects/Cardio/CardioEquation/data/chapman_shaoxing/WFDBRecords/06/061/index.html" [1]
Last-modified header missing -- time-stamps turned off.
2026-03-10 19:48:59 URL:https://physionet.org/files/ecg-arrhythmia/1.0.0/WFDBRecords/06/062/ [23585] -> "/home/user04/Projects/Cardio/CardioEquation/data/chapman_shaoxing/WFDBRecords/06/062/index.html" [1]
Last-modified header missing -- time-stamps turned off.
2026-03-10 19:49:00 URL:https://physionet.org/files/ecg-arrhythmia/1.0.0/WFDBRecords/06/063/ [23585] -> "/home/user04/Projects/Cardio/CardioEquation/data/chapman_shaoxing/WFDBRecords/06/063/index.html" [1]
Last-modified header missing -- time-stamps turned off.
2026-03-10 19:49:01 URL:https://physionet.org/files/ecg-arrhythmia/1.0.0/WFDBRecords/06/064/ [23585] -> "/home/user04/Projects/Cardio/CardioEquation/data/chapman_shaoxing/WFDBRecords/06/064/index.html" [1]
Last-modified header missing -- time-stamps turned off.
2026-03-10 19:49:02 URL:https://physionet.org/files/ecg-arrhythmia/1.0.0/WFDBRecords/06/065/ [23585] -> "/home/user04/Projects/Cardio/CardioEquation/data/chapman_shaoxing/WFDBRecords/06/065/index.html" [1]
Last-modified header missing -- time-stamps turned off.
2026-03-10 19:49:03 URL:https://physionet.org/files/ecg-arrhythmia/1.0.0/WFDBRecords/06/066/ [23585] -> "/home/user04/Projects/Cardio/CardioEquation/data/chapman_shaoxing/WFDBRecords/06/066/index.html" [1]
Last-modified header missing -- time-stamps turned off.
2026-03-10 19:49:03 URL:https://physionet.org/files/ecg-arrhythmia/1.0.0/WFDBRecords/06/067/ [23585] -> "/home/user04/Projects/Cardio/CardioEquation/data/chapman_shaoxing/WFDBRecords/06/067/index.html" [1]
Last-modified header missing -- time-stamps turned off.
2026-03-10 19:49:04 URL:https://physionet.org/files/ecg-arrhythmia/1.0.0/WFDBRecords/06/068/ [23585] -> "/home/user04/Projects/Cardio/CardioEquation/data/chapman_shaoxing/WFDBRecords/06/068/index.html" [1]
Last-modified header missing -- time-stamps turned off.
2026-03-10 19:49:05 URL:https://physionet.org/files/ecg-arrhythmia/1.0.0/WFDBRecords/06/069/ [23585] -> "/home/user04/Projects/Cardio/CardioEquation/data/chapman_shaoxing/WFDBRecords/06/069/index.html" [1]
Last-modified header missing -- time-stamps turned off.
2026-03-10 19:49:06 URL:https://physionet.org/files/ecg-arrhythmia/1.0.0/WFDBRecords/07/070/ [23585] -> "/home/user04/Projects/Cardio/CardioEquation/data/chapman_shaoxing/WFDBRecords/07/070/index.html" [1]
Last-modified header missing -- time-stamps turned off.
2026-03-10 19:49:06 URL:https://physionet.org/files/ecg-arrhythmia/1.0.0/WFDBRecords/07/071/ [23585] -> "/home/user04/Projects/Cardio/CardioEquation/data/chapman_shaoxing/WFDBRecords/07/071/index.html" [1]
Last-modified header missing -- time-stamps turned off.
2026-03-10 19:49:07 URL:https://physionet.org/files/ecg-arrhythmia/1.0.0/WFDBRecords/07/072/ [23585] -> "/home/user04/Projects/Cardio/CardioEquation/data/chapman_shaoxing/WFDBRecords/07/072/index.html" [1]
Last-modified header missing -- time-stamps turned off.
2026-03-10 19:49:08 URL:https://physionet.org/files/ecg-arrhythmia/1.0.0/WFDBRecords/07/073/ [23585] -> "/home/user04/Projects/Cardio/CardioEquation/data/chapman_shaoxing/WFDBRecords/07/073/index.html" [1]
Last-modified header missing -- time-stamps turned off.
2026-03-10 19:49:09 URL:https://physionet.org/files/ecg-arrhythmia/1.0.0/WFDBRecords/07/074/ [23585] -> "/home/user04/Projects/Cardio/CardioEquation/data/chapman_shaoxing/WFDBRecords/07/074/index.html" [1]
Last-modified header missing -- time-stamps turned off.
2026-03-10 19:49:10 URL:https://physionet.org/files/ecg-arrhythmia/1.0.0/WFDBRecords/07/075/ [23585] -> "/home/user04/Projects/Cardio/CardioEquation/data/chapman_shaoxing/WFDBRecords/07/075/index.html" [1]
Last-modified header missing -- time-stamps turned off.
2026-03-10 19:49:10 URL:https://physionet.org/files/ecg-arrhythmia/1.0.0/WFDBRecords/07/076/ [23585] -> "/home/user04/Projects/Cardio/CardioEquation/data/chapman_shaoxing/WFDBRecords/07/076/index.html" [1]
Last-modified header missing -- time-stamps turned off.
2026-03-10 19:49:11 URL:https://physionet.org/files/ecg-arrhythmia/1.0.0/WFDBRecords/07/077/ [23585] -> "/home/user04/Projects/Cardio/CardioEquation/data/chapman_shaoxing/WFDBRecords/07/077/index.html" [1]
Last-modified header missing -- time-stamps turned off.
2026-03-10 19:49:11 URL:https://physionet.org/files/ecg-arrhythmia/1.0.0/WFDBRecords/07/078/ [23585] -> "/home/user04/Projects/Cardio/CardioEquation/data/chapman_shaoxing/WFDBRecords/07/078/index.html" [1]
Last-modified header missing -- time-stamps turned off.
2026-03-10 19:49:12 URL:https://physionet.org/files/ecg-arrhythmia/1.0.0/WFDBRecords/07/079/ [23585] -> "/home/user04/Projects/Cardio/CardioEquation/data/chapman_shaoxing/WFDBRecords/07/079/index.html" [1]
Last-modified header missing -- time-stamps turned off.
2026-03-10 19:49:12 URL:https://physionet.org/files/ecg-arrhythmia/1.0.0/WFDBRecords/08/080/ [23585] -> "/home/user04/Projects/Cardio/CardioEquation/data/chapman_shaoxing/WFDBRecords/08/080/index.html" [1]
Last-modified header missing -- time-stamps turned off.
2026-03-10 19:49:13 URL:https://physionet.org/files/ecg-arrhythmia/1.0.0/WFDBRecords/08/081/ [23585] -> "/home/user04/Projects/Cardio/CardioEquation/data/chapman_shaoxing/WFDBRecords/08/081/index.html" [1]
Last-modified header missing -- time-stamps turned off.
2026-03-10 19:49:13 URL:https://physionet.org/files/ecg-arrhythmia/1.0.0/WFDBRecords/08/082/ [23585] -> "/home/user04/Projects/Cardio/CardioEquation/data/chapman_shaoxing/WFDBRecords/08/082/index.html" [1]
Last-modified header missing -- time-stamps turned off.
2026-03-10 19:49:14 URL:https://physionet.org/files/ecg-arrhythmia/1.0.0/WFDBRecords/08/083/ [23585] -> "/home/user04/Projects/Cardio/CardioEquation/data/chapman_shaoxing/WFDBRecords/08/083/index.html" [1]
Last-modified header missing -- time-stamps turned off.
2026-03-10 19:49:15 URL:https://physionet.org/files/ecg-arrhythmia/1.0.0/WFDBRecords/08/084/ [23585] -> "/home/user04/Projects/Cardio/CardioEquation/data/chapman_shaoxing/WFDBRecords/08/084/index.html" [1]
Last-modified header missing -- time-stamps turned off.
2026-03-10 19:49:15 URL:https://physionet.org/files/ecg-arrhythmia/1.0.0/WFDBRecords/08/085/ [23585] -> "/home/user04/Projects/Cardio/CardioEquation/data/chapman_shaoxing/WFDBRecords/08/085/index.html" [1]
Last-modified header missing -- time-stamps turned off.
2026-03-10 19:49:16 URL:https://physionet.org/files/ecg-arrhythmia/1.0.0/WFDBRecords/08/086/ [23585] -> "/home/user04/Projects/Cardio/CardioEquation/data/chapman_shaoxing/WFDBRecords/08/086/index.html" [1]
Last-modified header missing -- time-stamps turned off.
2026-03-10 19:49:16 URL:https://physionet.org/files/ecg-arrhythmia/1.0.0/WFDBRecords/08/087/ [23585] -> "/home/user04/Projects/Cardio/CardioEquation/data/chapman_shaoxing/WFDBRecords/08/087/index.html" [1]
Last-modified header missing -- time-stamps turned off.
2026-03-10 19:49:17 URL:https://physionet.org/files/ecg-arrhythmia/1.0.0/WFDBRecords/08/088/ [23585] -> "/home/user04/Projects/Cardio/CardioEquation/data/chapman_shaoxing/WFDBRecords/08/088/index.html" [1]
Last-modified header missing -- time-stamps turned off.
2026-03-10 19:49:18 URL:https://physionet.org/files/ecg-arrhythmia/1.0.0/WFDBRecords/08/089/ [23585] -> "/home/user04/Projects/Cardio/CardioEquation/data/chapman_shaoxing/WFDBRecords/08/089/index.html" [1]
Last-modified header missing -- time-stamps turned off.
2026-03-10 19:49:19 URL:https://physionet.org/files/ecg-arrhythmia/1.0.0/WFDBRecords/09/090/ [23585] -> "/home/user04/Projects/Cardio/CardioEquation/data/chapman_shaoxing/WFDBRecords/09/090/index.html" [1]
Last-modified header missing -- time-stamps turned off.
2026-03-10 19:49:19 URL:https://physionet.org/files/ecg-arrhythmia/1.0.0/WFDBRecords/09/091/ [23585] -> "/home/user04/Projects/Cardio/CardioEquation/data/chapman_shaoxing/WFDBRecords/09/091/index.html" [1]
Last-modified header missing -- time-stamps turned off.
2026-03-10 19:49:20 URL:https://physionet.org/files/ecg-arrhythmia/1.0.0/WFDBRecords/09/092/ [23585] -> "/home/user04/Projects/Cardio/CardioEquation/data/chapman_shaoxing/WFDBRecords/09/092/index.html" [1]
Last-modified header missing -- time-stamps turned off.
2026-03-10 19:49:20 URL:https://physionet.org/files/ecg-arrhythmia/1.0.0/WFDBRecords/09/093/ [23585] -> "/home/user04/Projects/Cardio/CardioEquation/data/chapman_shaoxing/WFDBRecords/09/093/index.html" [1]
Last-modified header missing -- time-stamps turned off.
2026-03-10 19:49:21 URL:https://physionet.org/files/ecg-arrhythmia/1.0.0/WFDBRecords/09/094/ [23585] -> "/home/user04/Projects/Cardio/CardioEquation/data/chapman_shaoxing/WFDBRecords/09/094/index.html" [1]
Last-modified header missing -- time-stamps turned off.
2026-03-10 19:49:21 URL:https://physionet.org/files/ecg-arrhythmia/1.0.0/WFDBRecords/09/095/ [23585] -> "/home/user04/Projects/Cardio/CardioEquation/data/chapman_shaoxing/WFDBRecords/09/095/index.html" [1]
Last-modified header missing -- time-stamps turned off.
2026-03-10 19:49:22 URL:https://physionet.org/files/ecg-arrhythmia/1.0.0/WFDBRecords/09/096/ [23585] -> "/home/user04/Projects/Cardio/CardioEquation/data/chapman_shaoxing/WFDBRecords/09/096/index.html" [1]
Last-modified header missing -- time-stamps turned off.
2026-03-10 19:49:22 URL:https://physionet.org/files/ecg-arrhythmia/1.0.0/WFDBRecords/09/097/ [23585] -> "/home/user04/Projects/Cardio/CardioEquation/data/chapman_shaoxing/WFDBRecords/09/097/index.html" [1]
Last-modified header missing -- time-stamps turned off.
2026-03-10 19:49:23 URL:https://physionet.org/files/ecg-arrhythmia/1.0.0/WFDBRecords/09/098/ [23585] -> "/home/user04/Projects/Cardio/CardioEquation/data/chapman_shaoxing/WFDBRecords/09/098/index.html" [1]
Last-modified header missing -- time-stamps turned off.
2026-03-10 19:49:24 URL:https://physionet.org/files/ecg-arrhythmia/1.0.0/WFDBRecords/09/099/ [23585] -> "/home/user04/Projects/Cardio/CardioEquation/data/chapman_shaoxing/WFDBRecords/09/099/index.html" [1]
Last-modified header missing -- time-stamps turned off.
2026-03-10 19:49:25 URL:https://physionet.org/files/ecg-arrhythmia/1.0.0/WFDBRecords/10/100/ [23585] -> "/home/user04/Projects/Cardio/CardioEquation/data/chapman_shaoxing/WFDBRecords/10/100/index.html" [1]
Last-modified header missing -- time-stamps turned off.
2026-03-10 19:49:26 URL:https://physionet.org/files/ecg-arrhythmia/1.0.0/WFDBRecords/10/101/ [23585] -> "/home/user04/Projects/Cardio/CardioEquation/data/chapman_shaoxing/WFDBRecords/10/101/index.html" [1]
Last-modified header missing -- time-stamps turned off.
2026-03-10 19:49:27 URL:https://physionet.org/files/ecg-arrhythmia/1.0.0/WFDBRecords/10/102/ [23585] -> "/home/user04/Projects/Cardio/CardioEquation/data/chapman_shaoxing/WFDBRecords/10/102/index.html" [1]
Last-modified header missing -- time-stamps turned off.
2026-03-10 19:49:28 URL:https://physionet.org/files/ecg-arrhythmia/1.0.0/WFDBRecords/10/103/ [23585] -> "/home/user04/Projects/Cardio/CardioEquation/data/chapman_shaoxing/WFDBRecords/10/103/index.html" [1]
Last-modified header missing -- time-stamps turned off.
2026-03-10 19:49:28 URL:https://physionet.org/files/ecg-arrhythmia/1.0.0/WFDBRecords/10/104/ [23585] -> "/home/user04/Projects/Cardio/CardioEquation/data/chapman_shaoxing/WFDBRecords/10/104/index.html" [1]
Last-modified header missing -- time-stamps turned off.
2026-03-10 19:49:29 URL:https://physionet.org/files/ecg-arrhythmia/1.0.0/WFDBRecords/10/105/ [23585] -> "/home/user04/Projects/Cardio/CardioEquation/data/chapman_shaoxing/WFDBRecords/10/105/index.html" [1]
Last-modified header missing -- time-stamps turned off.
2026-03-10 19:49:30 URL:https://physionet.org/files/ecg-arrhythmia/1.0.0/WFDBRecords/10/106/ [23585] -> "/home/user04/Projects/Cardio/CardioEquation/data/chapman_shaoxing/WFDBRecords/10/106/index.html" [1]
Last-modified header missing -- time-stamps turned off.
2026-03-10 19:49:31 URL:https://physionet.org/files/ecg-arrhythmia/1.0.0/WFDBRecords/10/107/ [23585] -> "/home/user04/Projects/Cardio/CardioEquation/data/chapman_shaoxing/WFDBRecords/10/107/index.html" [1]
Last-modified header missing -- time-stamps turned off.
2026-03-10 19:49:31 URL:https://physionet.org/files/ecg-arrhythmia/1.0.0/WFDBRecords/10/108/ [23585] -> "/home/user04/Projects/Cardio/CardioEquation/data/chapman_shaoxing/WFDBRecords/10/108/index.html" [1]
Last-modified header missing -- time-stamps turned off.
2026-03-10 19:49:33 URL:https://physionet.org/files/ecg-arrhythmia/1.0.0/WFDBRecords/10/109/ [23585] -> "/home/user04/Projects/Cardio/CardioEquation/data/chapman_shaoxing/WFDBRecords/10/109/index.html" [1]
Last-modified header missing -- time-stamps turned off.
2026-03-10 19:49:33 URL:https://physionet.org/files/ecg-arrhythmia/1.0.0/WFDBRecords/11/110/ [23585] -> "/home/user04/Projects/Cardio/CardioEquation/data/chapman_shaoxing/WFDBRecords/11/110/index.html" [1]
Last-modified header missing -- time-stamps turned off.
2026-03-10 19:49:35 URL:https://physionet.org/files/ecg-arrhythmia/1.0.0/WFDBRecords/11/111/ [23585] -> "/home/user04/Projects/Cardio/CardioEquation/data/chapman_shaoxing/WFDBRecords/11/111/index.html" [1]
Last-modified header missing -- time-stamps turned off.
2026-03-10 19:49:35 URL:https://physionet.org/files/ecg-arrhythmia/1.0.0/WFDBRecords/11/112/ [23585] -> "/home/user04/Projects/Cardio/CardioEquation/data/chapman_shaoxing/WFDBRecords/11/112/index.html" [1]
Last-modified header missing -- time-stamps turned off.
2026-03-10 19:49:36 URL:https://physionet.org/files/ecg-arrhythmia/1.0.0/WFDBRecords/11/113/ [23585] -> "/home/user04/Projects/Cardio/CardioEquation/data/chapman_shaoxing/WFDBRecords/11/113/index.html" [1]
Last-modified header missing -- time-stamps turned off.
2026-03-10 19:49:37 URL:https://physionet.org/files/ecg-arrhythmia/1.0.0/WFDBRecords/11/114/ [23585] -> "/home/user04/Projects/Cardio/CardioEquation/data/chapman_shaoxing/WFDBRecords/11/114/index.html" [1]
Last-modified header missing -- time-stamps turned off.
2026-03-10 19:49:38 URL:https://physionet.org/files/ecg-arrhythmia/1.0.0/WFDBRecords/11/115/ [23585] -> "/home/user04/Projects/Cardio/CardioEquation/data/chapman_shaoxing/WFDBRecords/11/115/index.html" [1]
Last-modified header missing -- time-stamps turned off.
2026-03-10 19:49:39 URL:https://physionet.org/files/ecg-arrhythmia/1.0.0/WFDBRecords/11/116/ [23585] -> "/home/user04/Projects/Cardio/CardioEquation/data/chapman_shaoxing/WFDBRecords/11/116/index.html" [1]
Last-modified header missing -- time-stamps turned off.
2026-03-10 19:49:40 URL:https://physionet.org/files/ecg-arrhythmia/1.0.0/WFDBRecords/11/117/ [23585] -> "/home/user04/Projects/Cardio/CardioEquation/data/chapman_shaoxing/WFDBRecords/11/117/index.html" [1]
Last-modified header missing -- time-stamps turned off.
2026-03-10 19:49:40 URL:https://physionet.org/files/ecg-arrhythmia/1.0.0/WFDBRecords/11/118/ [23585] -> "/home/user04/Projects/Cardio/CardioEquation/data/chapman_shaoxing/WFDBRecords/11/118/index.html" [1]
Last-modified header missing -- time-stamps turned off.
2026-03-10 19:49:41 URL:https://physionet.org/files/ecg-arrhythmia/1.0.0/WFDBRecords/11/119/ [23585] -> "/home/user04/Projects/Cardio/CardioEquation/data/chapman_shaoxing/WFDBRecords/11/119/index.html" [1]
Last-modified header missing -- time-stamps turned off.
2026-03-10 19:49:42 URL:https://physionet.org/files/ecg-arrhythmia/1.0.0/WFDBRecords/12/120/ [23585] -> "/home/user04/Projects/Cardio/CardioEquation/data/chapman_shaoxing/WFDBRecords/12/120/index.html" [1]
Last-modified header missing -- time-stamps turned off.
2026-03-10 19:49:43 URL:https://physionet.org/files/ecg-arrhythmia/1.0.0/WFDBRecords/12/121/ [23585] -> "/home/user04/Projects/Cardio/CardioEquation/data/chapman_shaoxing/WFDBRecords/12/121/index.html" [1]
Last-modified header missing -- time-stamps turned off.
2026-03-10 19:49:44 URL:https://physionet.org/files/ecg-arrhythmia/1.0.0/WFDBRecords/12/122/ [23585] -> "/home/user04/Projects/Cardio/CardioEquation/data/chapman_shaoxing/WFDBRecords/12/122/index.html" [1]
Last-modified header missing -- time-stamps turned off.
2026-03-10 19:49:45 URL:https://physionet.org/files/ecg-arrhythmia/1.0.0/WFDBRecords/12/123/ [23585] -> "/home/user04/Projects/Cardio/CardioEquation/data/chapman_shaoxing/WFDBRecords/12/123/index.html" [1]
Last-modified header missing -- time-stamps turned off.
2026-03-10 19:49:45 URL:https://physionet.org/files/ecg-arrhythmia/1.0.0/WFDBRecords/12/124/ [23585] -> "/home/user04/Projects/Cardio/CardioEquation/data/chapman_shaoxing/WFDBRecords/12/124/index.html" [1]
Last-modified header missing -- time-stamps turned off.
2026-03-10 19:49:46 URL:https://physionet.org/files/ecg-arrhythmia/1.0.0/WFDBRecords/12/125/ [23585] -> "/home/user04/Projects/Cardio/CardioEquation/data/chapman_shaoxing/WFDBRecords/12/125/index.html" [1]
Last-modified header missing -- time-stamps turned off.
2026-03-10 19:49:47 URL:https://physionet.org/files/ecg-arrhythmia/1.0.0/WFDBRecords/12/126/ [23585] -> "/home/user04/Projects/Cardio/CardioEquation/data/chapman_shaoxing/WFDBRecords/12/126/index.html" [1]
Last-modified header missing -- time-stamps turned off.
2026-03-10 19:49:48 URL:https://physionet.org/files/ecg-arrhythmia/1.0.0/WFDBRecords/12/127/ [23585] -> "/home/user04/Projects/Cardio/CardioEquation/data/chapman_shaoxing/WFDBRecords/12/127/index.html" [1]
Last-modified header missing -- time-stamps turned off.
2026-03-10 19:49:49 URL:https://physionet.org/files/ecg-arrhythmia/1.0.0/WFDBRecords/12/128/ [23585] -> "/home/user04/Projects/Cardio/CardioEquation/data/chapman_shaoxing/WFDBRecords/12/128/index.html" [1]
Last-modified header missing -- time-stamps turned off.
2026-03-10 19:49:50 URL:https://physionet.org/files/ecg-arrhythmia/1.0.0/WFDBRecords/12/129/ [23585] -> "/home/user04/Projects/Cardio/CardioEquation/data/chapman_shaoxing/WFDBRecords/12/129/index.html" [1]
Last-modified header missing -- time-stamps turned off.
2026-03-10 19:49:50 URL:https://physionet.org/files/ecg-arrhythmia/1.0.0/WFDBRecords/13/130/ [23585] -> "/home/user04/Projects/Cardio/CardioEquation/data/chapman_shaoxing/WFDBRecords/13/130/index.html" [1]
Last-modified header missing -- time-stamps turned off.
2026-03-10 19:49:51 URL:https://physionet.org/files/ecg-arrhythmia/1.0.0/WFDBRecords/13/131/ [23585] -> "/home/user04/Projects/Cardio/CardioEquation/data/chapman_shaoxing/WFDBRecords/13/131/index.html" [1]
Last-modified header missing -- time-stamps turned off.
2026-03-10 19:49:52 URL:https://physionet.org/files/ecg-arrhythmia/1.0.0/WFDBRecords/13/132/ [23585] -> "/home/user04/Projects/Cardio/CardioEquation/data/chapman_shaoxing/WFDBRecords/13/132/index.html" [1]
Last-modified header missing -- time-stamps turned off.
2026-03-10 19:49:52 URL:https://physionet.org/files/ecg-arrhythmia/1.0.0/WFDBRecords/13/133/ [23585] -> "/home/user04/Projects/Cardio/CardioEquation/data/chapman_shaoxing/WFDBRecords/13/133/index.html" [1]
Last-modified header missing -- time-stamps turned off.
2026-03-10 19:49:53 URL:https://physionet.org/files/ecg-arrhythmia/1.0.0/WFDBRecords/13/134/ [23585] -> "/home/user04/Projects/Cardio/CardioEquation/data/chapman_shaoxing/WFDBRecords/13/134/index.html" [1]
Last-modified header missing -- time-stamps turned off.
2026-03-10 19:49:54 URL:https://physionet.org/files/ecg-arrhythmia/1.0.0/WFDBRecords/13/135/ [23585] -> "/home/user04/Projects/Cardio/CardioEquation/data/chapman_shaoxing/WFDBRecords/13/135/index.html" [1]
Last-modified header missing -- time-stamps turned off.
2026-03-10 19:49:54 URL:https://physionet.org/files/ecg-arrhythmia/1.0.0/WFDBRecords/13/136/ [23585] -> "/home/user04/Projects/Cardio/CardioEquation/data/chapman_shaoxing/WFDBRecords/13/136/index.html" [1]
Last-modified header missing -- time-stamps turned off.
2026-03-10 19:49:55 URL:https://physionet.org/files/ecg-arrhythmia/1.0.0/WFDBRecords/13/137/ [23585] -> "/home/user04/Projects/Cardio/CardioEquation/data/chapman_shaoxing/WFDBRecords/13/137/index.html" [1]
Last-modified header missing -- time-stamps turned off.
2026-03-10 19:49:57 URL:https://physionet.org/files/ecg-arrhythmia/1.0.0/WFDBRecords/13/138/ [23585] -> "/home/user04/Projects/Cardio/CardioEquation/data/chapman_shaoxing/WFDBRecords/13/138/index.html" [1]
Last-modified header missing -- time-stamps turned off.
2026-03-10 19:49:58 URL:https://physionet.org/files/ecg-arrhythmia/1.0.0/WFDBRecords/13/139/ [23585] -> "/home/user04/Projects/Cardio/CardioEquation/data/chapman_shaoxing/WFDBRecords/13/139/index.html" [1]
Last-modified header missing -- time-stamps turned off.
2026-03-10 19:50:00 URL:https://physionet.org/files/ecg-arrhythmia/1.0.0/WFDBRecords/14/140/ [23585] -> "/home/user04/Projects/Cardio/CardioEquation/data/chapman_shaoxing/WFDBRecords/14/140/index.html" [1]
Last-modified header missing -- time-stamps turned off.
2026-03-10 19:50:00 URL:https://physionet.org/files/ecg-arrhythmia/1.0.0/WFDBRecords/14/141/ [23585] -> "/home/user04/Projects/Cardio/CardioEquation/data/chapman_shaoxing/WFDBRecords/14/141/index.html" [1]
Last-modified header missing -- time-stamps turned off.
2026-03-10 19:50:01 URL:https://physionet.org/files/ecg-arrhythmia/1.0.0/WFDBRecords/14/142/ [23585] -> "/home/user04/Projects/Cardio/CardioEquation/data/chapman_shaoxing/WFDBRecords/14/142/index.html" [1]
Last-modified header missing -- time-stamps turned off.
2026-03-10 19:50:02 URL:https://physionet.org/files/ecg-arrhythmia/1.0.0/WFDBRecords/14/143/ [23585] -> "/home/user04/Projects/Cardio/CardioEquation/data/chapman_shaoxing/WFDBRecords/14/143/index.html" [1]
Last-modified header missing -- time-stamps turned off.
2026-03-10 19:50:03 URL:https://physionet.org/files/ecg-arrhythmia/1.0.0/WFDBRecords/14/144/ [23585] -> "/home/user04/Projects/Cardio/CardioEquation/data/chapman_shaoxing/WFDBRecords/14/144/index.html" [1]
Last-modified header missing -- time-stamps turned off.
2026-03-10 19:50:04 URL:https://physionet.org/files/ecg-arrhythmia/1.0.0/WFDBRecords/14/145/ [23585] -> "/home/user04/Projects/Cardio/CardioEquation/data/chapman_shaoxing/WFDBRecords/14/145/index.html" [1]
Last-modified header missing -- time-stamps turned off.
2026-03-10 19:50:06 URL:https://physionet.org/files/ecg-arrhythmia/1.0.0/WFDBRecords/14/146/ [23585] -> "/home/user04/Projects/Cardio/CardioEquation/data/chapman_shaoxing/WFDBRecords/14/146/index.html" [1]
Last-modified header missing -- time-stamps turned off.
2026-03-10 19:50:08 URL:https://physionet.org/files/ecg-arrhythmia/1.0.0/WFDBRecords/14/147/ [23585] -> "/home/user04/Projects/Cardio/CardioEquation/data/chapman_shaoxing/WFDBRecords/14/147/index.html" [1]
Last-modified header missing -- time-stamps turned off.
2026-03-10 19:50:09 URL:https://physionet.org/files/ecg-arrhythmia/1.0.0/WFDBRecords/14/148/ [23585] -> "/home/user04/Projects/Cardio/CardioEquation/data/chapman_shaoxing/WFDBRecords/14/148/index.html" [1]
Last-modified header missing -- time-stamps turned off.
2026-03-10 19:50:10 URL:https://physionet.org/files/ecg-arrhythmia/1.0.0/WFDBRecords/14/149/ [23585] -> "/home/user04/Projects/Cardio/CardioEquation/data/chapman_shaoxing/WFDBRecords/14/149/index.html" [1]
Last-modified header missing -- time-stamps turned off.
2026-03-10 19:50:11 URL:https://physionet.org/files/ecg-arrhythmia/1.0.0/WFDBRecords/15/150/ [23585] -> "/home/user04/Projects/Cardio/CardioEquation/data/chapman_shaoxing/WFDBRecords/15/150/index.html" [1]
Last-modified header missing -- time-stamps turned off.
2026-03-10 19:50:12 URL:https://physionet.org/files/ecg-arrhythmia/1.0.0/WFDBRecords/15/151/ [23585] -> "/home/user04/Projects/Cardio/CardioEquation/data/chapman_shaoxing/WFDBRecords/15/151/index.html" [1]
Last-modified header missing -- time-stamps turned off.
2026-03-10 19:50:13 URL:https://physionet.org/files/ecg-arrhythmia/1.0.0/WFDBRecords/15/152/ [23585] -> "/home/user04/Projects/Cardio/CardioEquation/data/chapman_shaoxing/WFDBRecords/15/152/index.html" [1]
Last-modified header missing -- time-stamps turned off.
2026-03-10 19:50:14 URL:https://physionet.org/files/ecg-arrhythmia/1.0.0/WFDBRecords/15/153/ [23585] -> "/home/user04/Projects/Cardio/CardioEquation/data/chapman_shaoxing/WFDBRecords/15/153/index.html" [1]
Last-modified header missing -- time-stamps turned off.
2026-03-10 19:50:16 URL:https://physionet.org/files/ecg-arrhythmia/1.0.0/WFDBRecords/15/154/ [23585] -> "/home/user04/Projects/Cardio/CardioEquation/data/chapman_shaoxing/WFDBRecords/15/154/index.html" [1]
Last-modified header missing -- time-stamps turned off.
2026-03-10 19:50:17 URL:https://physionet.org/files/ecg-arrhythmia/1.0.0/WFDBRecords/15/155/ [23585] -> "/home/user04/Projects/Cardio/CardioEquation/data/chapman_shaoxing/WFDBRecords/15/155/index.html" [1]
Last-modified header missing -- time-stamps turned off.
2026-03-10 19:50:18 URL:https://physionet.org/files/ecg-arrhythmia/1.0.0/WFDBRecords/15/156/ [23585] -> "/home/user04/Projects/Cardio/CardioEquation/data/chapman_shaoxing/WFDBRecords/15/156/index.html" [1]
Last-modified header missing -- time-stamps turned off.
2026-03-10 19:50:19 URL:https://physionet.org/files/ecg-arrhythmia/1.0.0/WFDBRecords/15/157/ [23585] -> "/home/user04/Projects/Cardio/CardioEquation/data/chapman_shaoxing/WFDBRecords/15/157/index.html" [1]
Last-modified header missing -- time-stamps turned off.
2026-03-10 19:50:20 URL:https://physionet.org/files/ecg-arrhythmia/1.0.0/WFDBRecords/15/158/ [23585] -> "/home/user04/Projects/Cardio/CardioEquation/data/chapman_shaoxing/WFDBRecords/15/158/index.html" [1]
Last-modified header missing -- time-stamps turned off.
2026-03-10 19:50:20 URL:https://physionet.org/files/ecg-arrhythmia/1.0.0/WFDBRecords/15/159/ [23585] -> "/home/user04/Projects/Cardio/CardioEquation/data/chapman_shaoxing/WFDBRecords/15/159/index.html" [1]
Last-modified header missing -- time-stamps turned off.
2026-03-10 19:50:21 URL:https://physionet.org/files/ecg-arrhythmia/1.0.0/WFDBRecords/16/160/ [23585] -> "/home/user04/Projects/Cardio/CardioEquation/data/chapman_shaoxing/WFDBRecords/16/160/index.html" [1]
Last-modified header missing -- time-stamps turned off.
2026-03-10 19:50:22 URL:https://physionet.org/files/ecg-arrhythmia/1.0.0/WFDBRecords/16/161/ [23585] -> "/home/user04/Projects/Cardio/CardioEquation/data/chapman_shaoxing/WFDBRecords/16/161/index.html" [1]
Last-modified header missing -- time-stamps turned off.
2026-03-10 19:50:22 URL:https://physionet.org/files/ecg-arrhythmia/1.0.0/WFDBRecords/16/162/ [23585] -> "/home/user04/Projects/Cardio/CardioEquation/data/chapman_shaoxing/WFDBRecords/16/162/index.html" [1]
Last-modified header missing -- time-stamps turned off.
2026-03-10 19:50:23 URL:https://physionet.org/files/ecg-arrhythmia/1.0.0/WFDBRecords/16/163/ [23585] -> "/home/user04/Projects/Cardio/CardioEquation/data/chapman_shaoxing/WFDBRecords/16/163/index.html" [1]
Last-modified header missing -- time-stamps turned off.
2026-03-10 19:50:23 URL:https://physionet.org/files/ecg-arrhythmia/1.0.0/WFDBRecords/16/164/ [23585] -> "/home/user04/Projects/Cardio/CardioEquation/data/chapman_shaoxing/WFDBRecords/16/164/index.html" [1]
Last-modified header missing -- time-stamps turned off.
2026-03-10 19:50:24 URL:https://physionet.org/files/ecg-arrhythmia/1.0.0/WFDBRecords/16/165/ [23585] -> "/home/user04/Projects/Cardio/CardioEquation/data/chapman_shaoxing/WFDBRecords/16/165/index.html" [1]
Last-modified header missing -- time-stamps turned off.
2026-03-10 19:50:25 URL:https://physionet.org/files/ecg-arrhythmia/1.0.0/WFDBRecords/16/166/ [23585] -> "/home/user04/Projects/Cardio/CardioEquation/data/chapman_shaoxing/WFDBRecords/16/166/index.html" [1]
Last-modified header missing -- time-stamps turned off.
2026-03-10 19:50:25 URL:https://physionet.org/files/ecg-arrhythmia/1.0.0/WFDBRecords/16/167/ [23585] -> "/home/user04/Projects/Cardio/CardioEquation/data/chapman_shaoxing/WFDBRecords/16/167/index.html" [1]
Last-modified header missing -- time-stamps turned off.
2026-03-10 19:50:26 URL:https://physionet.org/files/ecg-arrhythmia/1.0.0/WFDBRecords/16/168/ [23585] -> "/home/user04/Projects/Cardio/CardioEquation/data/chapman_shaoxing/WFDBRecords/16/168/index.html" [1]
Last-modified header missing -- time-stamps turned off.
2026-03-10 19:50:27 URL:https://physionet.org/files/ecg-arrhythmia/1.0.0/WFDBRecords/16/169/ [23585] -> "/home/user04/Projects/Cardio/CardioEquation/data/chapman_shaoxing/WFDBRecords/16/169/index.html" [1]
Last-modified header missing -- time-stamps turned off.
2026-03-10 19:50:28 URL:https://physionet.org/files/ecg-arrhythmia/1.0.0/WFDBRecords/17/170/ [23585] -> "/home/user04/Projects/Cardio/CardioEquation/data/chapman_shaoxing/WFDBRecords/17/170/index.html" [1]
Last-modified header missing -- time-stamps turned off.
2026-03-10 19:50:29 URL:https://physionet.org/files/ecg-arrhythmia/1.0.0/WFDBRecords/17/171/ [23585] -> "/home/user04/Projects/Cardio/CardioEquation/data/chapman_shaoxing/WFDBRecords/17/171/index.html" [1]
Last-modified header missing -- time-stamps turned off.
2026-03-10 19:50:29 URL:https://physionet.org/files/ecg-arrhythmia/1.0.0/WFDBRecords/17/172/ [23585] -> "/home/user04/Projects/Cardio/CardioEquation/data/chapman_shaoxing/WFDBRecords/17/172/index.html" [1]
Last-modified header missing -- time-stamps turned off.
2026-03-10 19:50:30 URL:https://physionet.org/files/ecg-arrhythmia/1.0.0/WFDBRecords/17/173/ [23585] -> "/home/user04/Projects/Cardio/CardioEquation/data/chapman_shaoxing/WFDBRecords/17/173/index.html" [1]
Last-modified header missing -- time-stamps turned off.
2026-03-10 19:50:31 URL:https://physionet.org/files/ecg-arrhythmia/1.0.0/WFDBRecords/17/174/ [23585] -> "/home/user04/Projects/Cardio/CardioEquation/data/chapman_shaoxing/WFDBRecords/17/174/index.html" [1]
Last-modified header missing -- time-stamps turned off.
2026-03-10 19:50:31 URL:https://physionet.org/files/ecg-arrhythmia/1.0.0/WFDBRecords/17/175/ [23585] -> "/home/user04/Projects/Cardio/CardioEquation/data/chapman_shaoxing/WFDBRecords/17/175/index.html" [1]
Last-modified header missing -- time-stamps turned off.
2026-03-10 19:50:32 URL:https://physionet.org/files/ecg-arrhythmia/1.0.0/WFDBRecords/17/176/ [23585] -> "/home/user04/Projects/Cardio/CardioEquation/data/chapman_shaoxing/WFDBRecords/17/176/index.html" [1]
Last-modified header missing -- time-stamps turned off.
2026-03-10 19:50:33 URL:https://physionet.org/files/ecg-arrhythmia/1.0.0/WFDBRecords/17/177/ [23585] -> "/home/user04/Projects/Cardio/CardioEquation/data/chapman_shaoxing/WFDBRecords/17/177/index.html" [1]
Last-modified header missing -- time-stamps turned off.
2026-03-10 19:50:33 URL:https://physionet.org/files/ecg-arrhythmia/1.0.0/WFDBRecords/17/178/ [23585] -> "/home/user04/Projects/Cardio/CardioEquation/data/chapman_shaoxing/WFDBRecords/17/178/index.html" [1]
Last-modified header missing -- time-stamps turned off.
2026-03-10 19:50:34 URL:https://physionet.org/files/ecg-arrhythmia/1.0.0/WFDBRecords/17/179/ [23585] -> "/home/user04/Projects/Cardio/CardioEquation/data/chapman_shaoxing/WFDBRecords/17/179/index.html" [1]
Last-modified header missing -- time-stamps turned off.
2026-03-10 19:50:35 URL:https://physionet.org/files/ecg-arrhythmia/1.0.0/WFDBRecords/18/180/ [23585] -> "/home/user04/Projects/Cardio/CardioEquation/data/chapman_shaoxing/WFDBRecords/18/180/index.html" [1]
Last-modified header missing -- time-stamps turned off.
2026-03-10 19:50:35 URL:https://physionet.org/files/ecg-arrhythmia/1.0.0/WFDBRecords/18/181/ [23585] -> "/home/user04/Projects/Cardio/CardioEquation/data/chapman_shaoxing/WFDBRecords/18/181/index.html" [1]
Last-modified header missing -- time-stamps turned off.
2026-03-10 19:50:36 URL:https://physionet.org/files/ecg-arrhythmia/1.0.0/WFDBRecords/18/182/ [23585] -> "/home/user04/Projects/Cardio/CardioEquation/data/chapman_shaoxing/WFDBRecords/18/182/index.html" [1]
Last-modified header missing -- time-stamps turned off.
2026-03-10 19:50:37 URL:https://physionet.org/files/ecg-arrhythmia/1.0.0/WFDBRecords/18/183/ [23585] -> "/home/user04/Projects/Cardio/CardioEquation/data/chapman_shaoxing/WFDBRecords/18/183/index.html" [1]
Last-modified header missing -- time-stamps turned off.
2026-03-10 19:50:37 URL:https://physionet.org/files/ecg-arrhythmia/1.0.0/WFDBRecords/18/184/ [23585] -> "/home/user04/Projects/Cardio/CardioEquation/data/chapman_shaoxing/WFDBRecords/18/184/index.html" [1]
Last-modified header missing -- time-stamps turned off.
2026-03-10 19:50:38 URL:https://physionet.org/files/ecg-arrhythmia/1.0.0/WFDBRecords/18/185/ [23585] -> "/home/user04/Projects/Cardio/CardioEquation/data/chapman_shaoxing/WFDBRecords/18/185/index.html" [1]
Last-modified header missing -- time-stamps turned off.
2026-03-10 19:50:39 URL:https://physionet.org/files/ecg-arrhythmia/1.0.0/WFDBRecords/18/186/ [23585] -> "/home/user04/Projects/Cardio/CardioEquation/data/chapman_shaoxing/WFDBRecords/18/186/index.html" [1]
Last-modified header missing -- time-stamps turned off.
2026-03-10 19:50:39 URL:https://physionet.org/files/ecg-arrhythmia/1.0.0/WFDBRecords/18/187/ [23585] -> "/home/user04/Projects/Cardio/CardioEquation/data/chapman_shaoxing/WFDBRecords/18/187/index.html" [1]
Last-modified header missing -- time-stamps turned off.
2026-03-10 19:50:40 URL:https://physionet.org/files/ecg-arrhythmia/1.0.0/WFDBRecords/18/188/ [23585] -> "/home/user04/Projects/Cardio/CardioEquation/data/chapman_shaoxing/WFDBRecords/18/188/index.html" [1]
Last-modified header missing -- time-stamps turned off.
2026-03-10 19:50:41 URL:https://physionet.org/files/ecg-arrhythmia/1.0.0/WFDBRecords/18/189/ [23585] -> "/home/user04/Projects/Cardio/CardioEquation/data/chapman_shaoxing/WFDBRecords/18/189/index.html" [1]
Last-modified header missing -- time-stamps turned off.
2026-03-10 19:50:42 URL:https://physionet.org/files/ecg-arrhythmia/1.0.0/WFDBRecords/19/190/ [23585] -> "/home/user04/Projects/Cardio/CardioEquation/data/chapman_shaoxing/WFDBRecords/19/190/index.html" [1]
Last-modified header missing -- time-stamps turned off.
2026-03-10 19:50:43 URL:https://physionet.org/files/ecg-arrhythmia/1.0.0/WFDBRecords/19/191/ [23585] -> "/home/user04/Projects/Cardio/CardioEquation/data/chapman_shaoxing/WFDBRecords/19/191/index.html" [1]
Last-modified header missing -- time-stamps turned off.
2026-03-10 19:50:44 URL:https://physionet.org/files/ecg-arrhythmia/1.0.0/WFDBRecords/19/192/ [23585] -> "/home/user04/Projects/Cardio/CardioEquation/data/chapman_shaoxing/WFDBRecords/19/192/index.html" [1]
Last-modified header missing -- time-stamps turned off.
2026-03-10 19:50:45 URL:https://physionet.org/files/ecg-arrhythmia/1.0.0/WFDBRecords/19/193/ [23585] -> "/home/user04/Projects/Cardio/CardioEquation/data/chapman_shaoxing/WFDBRecords/19/193/index.html" [1]
Last-modified header missing -- time-stamps turned off.
2026-03-10 19:50:46 URL:https://physionet.org/files/ecg-arrhythmia/1.0.0/WFDBRecords/19/194/ [23585] -> "/home/user04/Projects/Cardio/CardioEquation/data/chapman_shaoxing/WFDBRecords/19/194/index.html" [1]
Last-modified header missing -- time-stamps turned off.
2026-03-10 19:50:46 URL:https://physionet.org/files/ecg-arrhythmia/1.0.0/WFDBRecords/19/195/ [23585] -> "/home/user04/Projects/Cardio/CardioEquation/data/chapman_shaoxing/WFDBRecords/19/195/index.html" [1]
Last-modified header missing -- time-stamps turned off.
2026-03-10 19:50:47 URL:https://physionet.org/files/ecg-arrhythmia/1.0.0/WFDBRecords/19/196/ [23585] -> "/home/user04/Projects/Cardio/CardioEquation/data/chapman_shaoxing/WFDBRecords/19/196/index.html" [1]
Last-modified header missing -- time-stamps turned off.
2026-03-10 19:50:48 URL:https://physionet.org/files/ecg-arrhythmia/1.0.0/WFDBRecords/19/197/ [23585] -> "/home/user04/Projects/Cardio/CardioEquation/data/chapman_shaoxing/WFDBRecords/19/197/index.html" [1]
Last-modified header missing -- time-stamps turned off.
2026-03-10 19:50:49 URL:https://physionet.org/files/ecg-arrhythmia/1.0.0/WFDBRecords/19/198/ [23585] -> "/home/user04/Projects/Cardio/CardioEquation/data/chapman_shaoxing/WFDBRecords/19/198/index.html" [1]
Last-modified header missing -- time-stamps turned off.
2026-03-10 19:50:50 URL:https://physionet.org/files/ecg-arrhythmia/1.0.0/WFDBRecords/19/199/ [23585] -> "/home/user04/Projects/Cardio/CardioEquation/data/chapman_shaoxing/WFDBRecords/19/199/index.html" [1]
Last-modified header missing -- time-stamps turned off.
2026-03-10 19:50:51 URL:https://physionet.org/files/ecg-arrhythmia/1.0.0/WFDBRecords/20/200/ [23585] -> "/home/user04/Projects/Cardio/CardioEquation/data/chapman_shaoxing/WFDBRecords/20/200/index.html" [1]
Last-modified header missing -- time-stamps turned off.
2026-03-10 19:50:53 URL:https://physionet.org/files/ecg-arrhythmia/1.0.0/WFDBRecords/20/201/ [23585] -> "/home/user04/Projects/Cardio/CardioEquation/data/chapman_shaoxing/WFDBRecords/20/201/index.html" [1]
Last-modified header missing -- time-stamps turned off.
2026-03-10 19:50:54 URL:https://physionet.org/files/ecg-arrhythmia/1.0.0/WFDBRecords/20/202/ [23585] -> "/home/user04/Projects/Cardio/CardioEquation/data/chapman_shaoxing/WFDBRecords/20/202/index.html" [1]
Last-modified header missing -- time-stamps turned off.
2026-03-10 19:50:56 URL:https://physionet.org/files/ecg-arrhythmia/1.0.0/WFDBRecords/20/203/ [23585] -> "/home/user04/Projects/Cardio/CardioEquation/data/chapman_shaoxing/WFDBRecords/20/203/index.html" [1]
Last-modified header missing -- time-stamps turned off.
2026-03-10 19:50:57 URL:https://physionet.org/files/ecg-arrhythmia/1.0.0/WFDBRecords/20/204/ [23585] -> "/home/user04/Projects/Cardio/CardioEquation/data/chapman_shaoxing/WFDBRecords/20/204/index.html" [1]
Last-modified header missing -- time-stamps turned off.
2026-03-10 19:50:59 URL:https://physionet.org/files/ecg-arrhythmia/1.0.0/WFDBRecords/20/205/ [23585] -> "/home/user04/Projects/Cardio/CardioEquation/data/chapman_shaoxing/WFDBRecords/20/205/index.html" [1]
Last-modified header missing -- time-stamps turned off.
2026-03-10 19:51:01 URL:https://physionet.org/files/ecg-arrhythmia/1.0.0/WFDBRecords/20/206/ [23585] -> "/home/user04/Projects/Cardio/CardioEquation/data/chapman_shaoxing/WFDBRecords/20/206/index.html" [1]
Last-modified header missing -- time-stamps turned off.
2026-03-10 19:51:02 URL:https://physionet.org/files/ecg-arrhythmia/1.0.0/WFDBRecords/20/207/ [23585] -> "/home/user04/Projects/Cardio/CardioEquation/data/chapman_shaoxing/WFDBRecords/20/207/index.html" [1]
Last-modified header missing -- time-stamps turned off.
2026-03-10 19:51:03 URL:https://physionet.org/files/ecg-arrhythmia/1.0.0/WFDBRecords/20/208/ [23585] -> "/home/user04/Projects/Cardio/CardioEquation/data/chapman_shaoxing/WFDBRecords/20/208/index.html" [1]
Last-modified header missing -- time-stamps turned off.
2026-03-10 19:51:05 URL:https://physionet.org/files/ecg-arrhythmia/1.0.0/WFDBRecords/20/209/ [23585] -> "/home/user04/Projects/Cardio/CardioEquation/data/chapman_shaoxing/WFDBRecords/20/209/index.html" [1]
Last-modified header missing -- time-stamps turned off.
2026-03-10 19:51:06 URL:https://physionet.org/files/ecg-arrhythmia/1.0.0/WFDBRecords/21/210/ [23585] -> "/home/user04/Projects/Cardio/CardioEquation/data/chapman_shaoxing/WFDBRecords/21/210/index.html" [1]
Last-modified header missing -- time-stamps turned off.
2026-03-10 19:51:07 URL:https://physionet.org/files/ecg-arrhythmia/1.0.0/WFDBRecords/21/211/ [23585] -> "/home/user04/Projects/Cardio/CardioEquation/data/chapman_shaoxing/WFDBRecords/21/211/index.html" [1]
Last-modified header missing -- time-stamps turned off.
2026-03-10 19:51:09 URL:https://physionet.org/files/ecg-arrhythmia/1.0.0/WFDBRecords/21/212/ [23585] -> "/home/user04/Projects/Cardio/CardioEquation/data/chapman_shaoxing/WFDBRecords/21/212/index.html" [1]
Last-modified header missing -- time-stamps turned off.
2026-03-10 19:51:11 URL:https://physionet.org/files/ecg-arrhythmia/1.0.0/WFDBRecords/21/213/ [23585] -> "/home/user04/Projects/Cardio/CardioEquation/data/chapman_shaoxing/WFDBRecords/21/213/index.html" [1]
Last-modified header missing -- time-stamps turned off.
2026-03-10 19:51:13 URL:https://physionet.org/files/ecg-arrhythmia/1.0.0/WFDBRecords/21/214/ [23585] -> "/home/user04/Projects/Cardio/CardioEquation/data/chapman_shaoxing/WFDBRecords/21/214/index.html" [1]
Last-modified header missing -- time-stamps turned off.
2026-03-10 19:51:14 URL:https://physionet.org/files/ecg-arrhythmia/1.0.0/WFDBRecords/21/215/ [23585] -> "/home/user04/Projects/Cardio/CardioEquation/data/chapman_shaoxing/WFDBRecords/21/215/index.html" [1]
Last-modified header missing -- time-stamps turned off.
2026-03-10 19:51:15 URL:https://physionet.org/files/ecg-arrhythmia/1.0.0/WFDBRecords/21/216/ [23585] -> "/home/user04/Projects/Cardio/CardioEquation/data/chapman_shaoxing/WFDBRecords/21/216/index.html" [1]
Last-modified header missing -- time-stamps turned off.
2026-03-10 19:51:17 URL:https://physionet.org/files/ecg-arrhythmia/1.0.0/WFDBRecords/21/217/ [23585] -> "/home/user04/Projects/Cardio/CardioEquation/data/chapman_shaoxing/WFDBRecords/21/217/index.html" [1]
Last-modified header missing -- time-stamps turned off.
2026-03-10 19:51:19 URL:https://physionet.org/files/ecg-arrhythmia/1.0.0/WFDBRecords/21/218/ [23585] -> "/home/user04/Projects/Cardio/CardioEquation/data/chapman_shaoxing/WFDBRecords/21/218/index.html" [1]
Last-modified header missing -- time-stamps turned off.
2026-03-10 19:51:20 URL:https://physionet.org/files/ecg-arrhythmia/1.0.0/WFDBRecords/21/219/ [23585] -> "/home/user04/Projects/Cardio/CardioEquation/data/chapman_shaoxing/WFDBRecords/21/219/index.html" [1]
Last-modified header missing -- time-stamps turned off.
2026-03-10 19:51:21 URL:https://physionet.org/files/ecg-arrhythmia/1.0.0/WFDBRecords/22/220/ [23585] -> "/home/user04/Projects/Cardio/CardioEquation/data/chapman_shaoxing/WFDBRecords/22/220/index.html" [1]
Last-modified header missing -- time-stamps turned off.
2026-03-10 19:51:22 URL:https://physionet.org/files/ecg-arrhythmia/1.0.0/WFDBRecords/22/221/ [23585] -> "/home/user04/Projects/Cardio/CardioEquation/data/chapman_shaoxing/WFDBRecords/22/221/index.html" [1]
Last-modified header missing -- time-stamps turned off.
2026-03-10 19:51:23 URL:https://physionet.org/files/ecg-arrhythmia/1.0.0/WFDBRecords/22/222/ [23585] -> "/home/user04/Projects/Cardio/CardioEquation/data/chapman_shaoxing/WFDBRecords/22/222/index.html" [1]
Last-modified header missing -- time-stamps turned off.
2026-03-10 19:51:24 URL:https://physionet.org/files/ecg-arrhythmia/1.0.0/WFDBRecords/22/223/ [23585] -> "/home/user04/Projects/Cardio/CardioEquation/data/chapman_shaoxing/WFDBRecords/22/223/index.html" [1]
Last-modified header missing -- time-stamps turned off.
2026-03-10 19:51:25 URL:https://physionet.org/files/ecg-arrhythmia/1.0.0/WFDBRecords/22/224/ [23585] -> "/home/user04/Projects/Cardio/CardioEquation/data/chapman_shaoxing/WFDBRecords/22/224/index.html" [1]
Last-modified header missing -- time-stamps turned off.
2026-03-10 19:51:26 URL:https://physionet.org/files/ecg-arrhythmia/1.0.0/WFDBRecords/22/225/ [23585] -> "/home/user04/Projects/Cardio/CardioEquation/data/chapman_shaoxing/WFDBRecords/22/225/index.html" [1]
Last-modified header missing -- time-stamps turned off.
2026-03-10 19:51:27 URL:https://physionet.org/files/ecg-arrhythmia/1.0.0/WFDBRecords/22/226/ [23585] -> "/home/user04/Projects/Cardio/CardioEquation/data/chapman_shaoxing/WFDBRecords/22/226/index.html" [1]
Last-modified header missing -- time-stamps turned off.
2026-03-10 19:51:28 URL:https://physionet.org/files/ecg-arrhythmia/1.0.0/WFDBRecords/22/227/ [23585] -> "/home/user04/Projects/Cardio/CardioEquation/data/chapman_shaoxing/WFDBRecords/22/227/index.html" [1]
Last-modified header missing -- time-stamps turned off.
2026-03-10 19:51:29 URL:https://physionet.org/files/ecg-arrhythmia/1.0.0/WFDBRecords/22/228/ [23585] -> "/home/user04/Projects/Cardio/CardioEquation/data/chapman_shaoxing/WFDBRecords/22/228/index.html" [1]
Last-modified header missing -- time-stamps turned off.
2026-03-10 19:51:30 URL:https://physionet.org/files/ecg-arrhythmia/1.0.0/WFDBRecords/22/229/ [23585] -> "/home/user04/Projects/Cardio/CardioEquation/data/chapman_shaoxing/WFDBRecords/22/229/index.html" [1]
Last-modified header missing -- time-stamps turned off.
2026-03-10 19:51:31 URL:https://physionet.org/files/ecg-arrhythmia/1.0.0/WFDBRecords/23/230/ [23585] -> "/home/user04/Projects/Cardio/CardioEquation/data/chapman_shaoxing/WFDBRecords/23/230/index.html" [1]
Last-modified header missing -- time-stamps turned off.
2026-03-10 19:51:32 URL:https://physionet.org/files/ecg-arrhythmia/1.0.0/WFDBRecords/23/231/ [23585] -> "/home/user04/Projects/Cardio/CardioEquation/data/chapman_shaoxing/WFDBRecords/23/231/index.html" [1]
Last-modified header missing -- time-stamps turned off.
2026-03-10 19:51:32 URL:https://physionet.org/files/ecg-arrhythmia/1.0.0/WFDBRecords/23/232/ [23585] -> "/home/user04/Projects/Cardio/CardioEquation/data/chapman_shaoxing/WFDBRecords/23/232/index.html" [1]
Last-modified header missing -- time-stamps turned off.
2026-03-10 19:51:33 URL:https://physionet.org/files/ecg-arrhythmia/1.0.0/WFDBRecords/23/233/ [23585] -> "/home/user04/Projects/Cardio/CardioEquation/data/chapman_shaoxing/WFDBRecords/23/233/index.html" [1]
Last-modified header missing -- time-stamps turned off.
2026-03-10 19:51:34 URL:https://physionet.org/files/ecg-arrhythmia/1.0.0/WFDBRecords/23/234/ [23585] -> "/home/user04/Projects/Cardio/CardioEquation/data/chapman_shaoxing/WFDBRecords/23/234/index.html" [1]
Last-modified header missing -- time-stamps turned off.
2026-03-10 19:51:35 URL:https://physionet.org/files/ecg-arrhythmia/1.0.0/WFDBRecords/23/235/ [23585] -> "/home/user04/Projects/Cardio/CardioEquation/data/chapman_shaoxing/WFDBRecords/23/235/index.html" [1]
Last-modified header missing -- time-stamps turned off.
2026-03-10 19:51:35 URL:https://physionet.org/files/ecg-arrhythmia/1.0.0/WFDBRecords/23/236/ [23585] -> "/home/user04/Projects/Cardio/CardioEquation/data/chapman_shaoxing/WFDBRecords/23/236/index.html" [1]
Last-modified header missing -- time-stamps turned off.
2026-03-10 19:51:36 URL:https://physionet.org/files/ecg-arrhythmia/1.0.0/WFDBRecords/23/237/ [23585] -> "/home/user04/Projects/Cardio/CardioEquation/data/chapman_shaoxing/WFDBRecords/23/237/index.html" [1]
Last-modified header missing -- time-stamps turned off.
2026-03-10 19:51:36 URL:https://physionet.org/files/ecg-arrhythmia/1.0.0/WFDBRecords/23/238/ [23585] -> "/home/user04/Projects/Cardio/CardioEquation/data/chapman_shaoxing/WFDBRecords/23/238/index.html" [1]
Last-modified header missing -- time-stamps turned off.
2026-03-10 19:51:37 URL:https://physionet.org/files/ecg-arrhythmia/1.0.0/WFDBRecords/23/239/ [23585] -> "/home/user04/Projects/Cardio/CardioEquation/data/chapman_shaoxing/WFDBRecords/23/239/index.html" [1]
Last-modified header missing -- time-stamps turned off.
2026-03-10 19:51:38 URL:https://physionet.org/files/ecg-arrhythmia/1.0.0/WFDBRecords/24/240/ [23585] -> "/home/user04/Projects/Cardio/CardioEquation/data/chapman_shaoxing/WFDBRecords/24/240/index.html" [1]
Last-modified header missing -- time-stamps turned off.
2026-03-10 19:51:38 URL:https://physionet.org/files/ecg-arrhythmia/1.0.0/WFDBRecords/24/241/ [23585] -> "/home/user04/Projects/Cardio/CardioEquation/data/chapman_shaoxing/WFDBRecords/24/241/index.html" [1]
Last-modified header missing -- time-stamps turned off.
2026-03-10 19:51:39 URL:https://physionet.org/files/ecg-arrhythmia/1.0.0/WFDBRecords/24/242/ [23585] -> "/home/user04/Projects/Cardio/CardioEquation/data/chapman_shaoxing/WFDBRecords/24/242/index.html" [1]
Last-modified header missing -- time-stamps turned off.
2026-03-10 19:51:40 URL:https://physionet.org/files/ecg-arrhythmia/1.0.0/WFDBRecords/24/243/ [23585] -> "/home/user04/Projects/Cardio/CardioEquation/data/chapman_shaoxing/WFDBRecords/24/243/index.html" [1]
Last-modified header missing -- time-stamps turned off.
2026-03-10 19:51:40 URL:https://physionet.org/files/ecg-arrhythmia/1.0.0/WFDBRecords/24/244/ [23585] -> "/home/user04/Projects/Cardio/CardioEquation/data/chapman_shaoxing/WFDBRecords/24/244/index.html" [1]
Last-modified header missing -- time-stamps turned off.
2026-03-10 19:51:41 URL:https://physionet.org/files/ecg-arrhythmia/1.0.0/WFDBRecords/24/245/ [23585] -> "/home/user04/Projects/Cardio/CardioEquation/data/chapman_shaoxing/WFDBRecords/24/245/index.html" [1]
Last-modified header missing -- time-stamps turned off.
2026-03-10 19:51:41 URL:https://physionet.org/files/ecg-arrhythmia/1.0.0/WFDBRecords/24/246/ [23585] -> "/home/user04/Projects/Cardio/CardioEquation/data/chapman_shaoxing/WFDBRecords/24/246/index.html" [1]
Last-modified header missing -- time-stamps turned off.
2026-03-10 19:51:42 URL:https://physionet.org/files/ecg-arrhythmia/1.0.0/WFDBRecords/24/247/ [23585] -> "/home/user04/Projects/Cardio/CardioEquation/data/chapman_shaoxing/WFDBRecords/24/247/index.html" [1]
Last-modified header missing -- time-stamps turned off.
2026-03-10 19:51:43 URL:https://physionet.org/files/ecg-arrhythmia/1.0.0/WFDBRecords/24/248/ [23585] -> "/home/user04/Projects/Cardio/CardioEquation/data/chapman_shaoxing/WFDBRecords/24/248/index.html" [1]
Last-modified header missing -- time-stamps turned off.
2026-03-10 19:51:44 URL:https://physionet.org/files/ecg-arrhythmia/1.0.0/WFDBRecords/24/249/ [23585] -> "/home/user04/Projects/Cardio/CardioEquation/data/chapman_shaoxing/WFDBRecords/24/249/index.html" [1]
Last-modified header missing -- time-stamps turned off.
2026-03-10 19:51:44 URL:https://physionet.org/files/ecg-arrhythmia/1.0.0/WFDBRecords/25/250/ [23585] -> "/home/user04/Projects/Cardio/CardioEquation/data/chapman_shaoxing/WFDBRecords/25/250/index.html" [1]
Last-modified header missing -- time-stamps turned off.
2026-03-10 19:51:45 URL:https://physionet.org/files/ecg-arrhythmia/1.0.0/WFDBRecords/25/251/ [23585] -> "/home/user04/Projects/Cardio/CardioEquation/data/chapman_shaoxing/WFDBRecords/25/251/index.html" [1]
Last-modified header missing -- time-stamps turned off.
2026-03-10 19:51:46 URL:https://physionet.org/files/ecg-arrhythmia/1.0.0/WFDBRecords/25/252/ [23585] -> "/home/user04/Projects/Cardio/CardioEquation/data/chapman_shaoxing/WFDBRecords/25/252/index.html" [1]
Last-modified header missing -- time-stamps turned off.
2026-03-10 19:51:47 URL:https://physionet.org/files/ecg-arrhythmia/1.0.0/WFDBRecords/25/253/ [23585] -> "/home/user04/Projects/Cardio/CardioEquation/data/chapman_shaoxing/WFDBRecords/25/253/index.html" [1]
Last-modified header missing -- time-stamps turned off.
2026-03-10 19:51:48 URL:https://physionet.org/files/ecg-arrhythmia/1.0.0/WFDBRecords/25/254/ [23585] -> "/home/user04/Projects/Cardio/CardioEquation/data/chapman_shaoxing/WFDBRecords/25/254/index.html" [1]
Last-modified header missing -- time-stamps turned off.
2026-03-10 19:51:48 URL:https://physionet.org/files/ecg-arrhythmia/1.0.0/WFDBRecords/25/255/ [23585] -> "/home/user04/Projects/Cardio/CardioEquation/data/chapman_shaoxing/WFDBRecords/25/255/index.html" [1]
Last-modified header missing -- time-stamps turned off.
2026-03-10 19:51:49 URL:https://physionet.org/files/ecg-arrhythmia/1.0.0/WFDBRecords/25/256/ [23585] -> "/home/user04/Projects/Cardio/CardioEquation/data/chapman_shaoxing/WFDBRecords/25/256/index.html" [1]
Last-modified header missing -- time-stamps turned off.
2026-03-10 19:51:50 URL:https://physionet.org/files/ecg-arrhythmia/1.0.0/WFDBRecords/25/257/ [23585] -> "/home/user04/Projects/Cardio/CardioEquation/data/chapman_shaoxing/WFDBRecords/25/257/index.html" [1]
Last-modified header missing -- time-stamps turned off.
2026-03-10 19:51:51 URL:https://physionet.org/files/ecg-arrhythmia/1.0.0/WFDBRecords/25/258/ [23585] -> "/home/user04/Projects/Cardio/CardioEquation/data/chapman_shaoxing/WFDBRecords/25/258/index.html" [1]
Last-modified header missing -- time-stamps turned off.
2026-03-10 19:51:52 URL:https://physionet.org/files/ecg-arrhythmia/1.0.0/WFDBRecords/25/259/ [23585] -> "/home/user04/Projects/Cardio/CardioEquation/data/chapman_shaoxing/WFDBRecords/25/259/index.html" [1]
Last-modified header missing -- time-stamps turned off.
2026-03-10 19:51:53 URL:https://physionet.org/files/ecg-arrhythmia/1.0.0/WFDBRecords/26/260/ [23585] -> "/home/user04/Projects/Cardio/CardioEquation/data/chapman_shaoxing/WFDBRecords/26/260/index.html" [1]
Last-modified header missing -- time-stamps turned off.
2026-03-10 19:51:54 URL:https://physionet.org/files/ecg-arrhythmia/1.0.0/WFDBRecords/26/261/ [23585] -> "/home/user04/Projects/Cardio/CardioEquation/data/chapman_shaoxing/WFDBRecords/26/261/index.html" [1]
Last-modified header missing -- time-stamps turned off.
2026-03-10 19:51:54 URL:https://physionet.org/files/ecg-arrhythmia/1.0.0/WFDBRecords/26/262/ [23585] -> "/home/user04/Projects/Cardio/CardioEquation/data/chapman_shaoxing/WFDBRecords/26/262/index.html" [1]
Last-modified header missing -- time-stamps turned off.
2026-03-10 19:51:55 URL:https://physionet.org/files/ecg-arrhythmia/1.0.0/WFDBRecords/26/263/ [23585] -> "/home/user04/Projects/Cardio/CardioEquation/data/chapman_shaoxing/WFDBRecords/26/263/index.html" [1]
Last-modified header missing -- time-stamps turned off.
2026-03-10 19:51:56 URL:https://physionet.org/files/ecg-arrhythmia/1.0.0/WFDBRecords/26/264/ [23585] -> "/home/user04/Projects/Cardio/CardioEquation/data/chapman_shaoxing/WFDBRecords/26/264/index.html" [1]
Last-modified header missing -- time-stamps turned off.
2026-03-10 19:51:57 URL:https://physionet.org/files/ecg-arrhythmia/1.0.0/WFDBRecords/26/265/ [23585] -> "/home/user04/Projects/Cardio/CardioEquation/data/chapman_shaoxing/WFDBRecords/26/265/index.html" [1]
Last-modified header missing -- time-stamps turned off.
2026-03-10 19:51:58 URL:https://physionet.org/files/ecg-arrhythmia/1.0.0/WFDBRecords/26/266/ [23585] -> "/home/user04/Projects/Cardio/CardioEquation/data/chapman_shaoxing/WFDBRecords/26/266/index.html" [1]
Last-modified header missing -- time-stamps turned off.
2026-03-10 19:51:59 URL:https://physionet.org/files/ecg-arrhythmia/1.0.0/WFDBRecords/26/267/ [23585] -> "/home/user04/Projects/Cardio/CardioEquation/data/chapman_shaoxing/WFDBRecords/26/267/index.html" [1]
Last-modified header missing -- time-stamps turned off.
2026-03-10 19:52:00 URL:https://physionet.org/files/ecg-arrhythmia/1.0.0/WFDBRecords/26/268/ [23585] -> "/home/user04/Projects/Cardio/CardioEquation/data/chapman_shaoxing/WFDBRecords/26/268/index.html" [1]
Last-modified header missing -- time-stamps turned off.
2026-03-10 19:52:01 URL:https://physionet.org/files/ecg-arrhythmia/1.0.0/WFDBRecords/26/269/ [23585] -> "/home/user04/Projects/Cardio/CardioEquation/data/chapman_shaoxing/WFDBRecords/26/269/index.html" [1]
Last-modified header missing -- time-stamps turned off.
2026-03-10 19:52:03 URL:https://physionet.org/files/ecg-arrhythmia/1.0.0/WFDBRecords/27/270/ [23585] -> "/home/user04/Projects/Cardio/CardioEquation/data/chapman_shaoxing/WFDBRecords/27/270/index.html" [1]
Last-modified header missing -- time-stamps turned off.
2026-03-10 19:52:04 URL:https://physionet.org/files/ecg-arrhythmia/1.0.0/WFDBRecords/27/271/ [23585] -> "/home/user04/Projects/Cardio/CardioEquation/data/chapman_shaoxing/WFDBRecords/27/271/index.html" [1]
Last-modified header missing -- time-stamps turned off.
2026-03-10 19:52:05 URL:https://physionet.org/files/ecg-arrhythmia/1.0.0/WFDBRecords/27/272/ [23585] -> "/home/user04/Projects/Cardio/CardioEquation/data/chapman_shaoxing/WFDBRecords/27/272/index.html" [1]
Last-modified header missing -- time-stamps turned off.
2026-03-10 19:52:06 URL:https://physionet.org/files/ecg-arrhythmia/1.0.0/WFDBRecords/27/273/ [23585] -> "/home/user04/Projects/Cardio/CardioEquation/data/chapman_shaoxing/WFDBRecords/27/273/index.html" [1]
Last-modified header missing -- time-stamps turned off.
2026-03-10 19:52:07 URL:https://physionet.org/files/ecg-arrhythmia/1.0.0/WFDBRecords/27/274/ [23585] -> "/home/user04/Projects/Cardio/CardioEquation/data/chapman_shaoxing/WFDBRecords/27/274/index.html" [1]
Last-modified header missing -- time-stamps turned off.
2026-03-10 19:52:08 URL:https://physionet.org/files/ecg-arrhythmia/1.0.0/WFDBRecords/27/275/ [23585] -> "/home/user04/Projects/Cardio/CardioEquation/data/chapman_shaoxing/WFDBRecords/27/275/index.html" [1]
Last-modified header missing -- time-stamps turned off.
2026-03-10 19:52:09 URL:https://physionet.org/files/ecg-arrhythmia/1.0.0/WFDBRecords/27/276/ [23585] -> "/home/user04/Projects/Cardio/CardioEquation/data/chapman_shaoxing/WFDBRecords/27/276/index.html" [1]
Last-modified header missing -- time-stamps turned off.
2026-03-10 19:52:09 URL:https://physionet.org/files/ecg-arrhythmia/1.0.0/WFDBRecords/27/277/ [23585] -> "/home/user04/Projects/Cardio/CardioEquation/data/chapman_shaoxing/WFDBRecords/27/277/index.html" [1]
Last-modified header missing -- time-stamps turned off.
2026-03-10 19:52:10 URL:https://physionet.org/files/ecg-arrhythmia/1.0.0/WFDBRecords/27/278/ [23585] -> "/home/user04/Projects/Cardio/CardioEquation/data/chapman_shaoxing/WFDBRecords/27/278/index.html" [1]
Last-modified header missing -- time-stamps turned off.
2026-03-10 19:52:11 URL:https://physionet.org/files/ecg-arrhythmia/1.0.0/WFDBRecords/27/279/ [23585] -> "/home/user04/Projects/Cardio/CardioEquation/data/chapman_shaoxing/WFDBRecords/27/279/index.html" [1]
Last-modified header missing -- time-stamps turned off.
2026-03-10 19:52:12 URL:https://physionet.org/files/ecg-arrhythmia/1.0.0/WFDBRecords/28/280/ [23585] -> "/home/user04/Projects/Cardio/CardioEquation/data/chapman_shaoxing/WFDBRecords/28/280/index.html" [1]
Last-modified header missing -- time-stamps turned off.
2026-03-10 19:52:12 URL:https://physionet.org/files/ecg-arrhythmia/1.0.0/WFDBRecords/28/281/ [23585] -> "/home/user04/Projects/Cardio/CardioEquation/data/chapman_shaoxing/WFDBRecords/28/281/index.html" [1]
Last-modified header missing -- time-stamps turned off.
2026-03-10 19:52:13 URL:https://physionet.org/files/ecg-arrhythmia/1.0.0/WFDBRecords/28/282/ [23585] -> "/home/user04/Projects/Cardio/CardioEquation/data/chapman_shaoxing/WFDBRecords/28/282/index.html" [1]
Last-modified header missing -- time-stamps turned off.
2026-03-10 19:52:13 URL:https://physionet.org/files/ecg-arrhythmia/1.0.0/WFDBRecords/28/283/ [23585] -> "/home/user04/Projects/Cardio/CardioEquation/data/chapman_shaoxing/WFDBRecords/28/283/index.html" [1]
Last-modified header missing -- time-stamps turned off.
2026-03-10 19:52:14 URL:https://physionet.org/files/ecg-arrhythmia/1.0.0/WFDBRecords/28/284/ [23585] -> "/home/user04/Projects/Cardio/CardioEquation/data/chapman_shaoxing/WFDBRecords/28/284/index.html" [1]
Last-modified header missing -- time-stamps turned off.
2026-03-10 19:52:15 URL:https://physionet.org/files/ecg-arrhythmia/1.0.0/WFDBRecords/28/285/ [23585] -> "/home/user04/Projects/Cardio/CardioEquation/data/chapman_shaoxing/WFDBRecords/28/285/index.html" [1]
Last-modified header missing -- time-stamps turned off.
2026-03-10 19:52:15 URL:https://physionet.org/files/ecg-arrhythmia/1.0.0/WFDBRecords/28/286/ [23585] -> "/home/user04/Projects/Cardio/CardioEquation/data/chapman_shaoxing/WFDBRecords/28/286/index.html" [1]
Last-modified header missing -- time-stamps turned off.
2026-03-10 19:52:16 URL:https://physionet.org/files/ecg-arrhythmia/1.0.0/WFDBRecords/28/287/ [23585] -> "/home/user04/Projects/Cardio/CardioEquation/data/chapman_shaoxing/WFDBRecords/28/287/index.html" [1]
Last-modified header missing -- time-stamps turned off.
2026-03-10 19:52:16 URL:https://physionet.org/files/ecg-arrhythmia/1.0.0/WFDBRecords/28/288/ [23585] -> "/home/user04/Projects/Cardio/CardioEquation/data/chapman_shaoxing/WFDBRecords/28/288/index.html" [1]
Last-modified header missing -- time-stamps turned off.
2026-03-10 19:52:17 URL:https://physionet.org/files/ecg-arrhythmia/1.0.0/WFDBRecords/28/289/ [23585] -> "/home/user04/Projects/Cardio/CardioEquation/data/chapman_shaoxing/WFDBRecords/28/289/index.html" [1]
Last-modified header missing -- time-stamps turned off.
2026-03-10 19:52:17 URL:https://physionet.org/files/ecg-arrhythmia/1.0.0/WFDBRecords/29/290/ [23585] -> "/home/user04/Projects/Cardio/CardioEquation/data/chapman_shaoxing/WFDBRecords/29/290/index.html" [1]
Last-modified header missing -- time-stamps turned off.
2026-03-10 19:52:18 URL:https://physionet.org/files/ecg-arrhythmia/1.0.0/WFDBRecords/29/291/ [23585] -> "/home/user04/Projects/Cardio/CardioEquation/data/chapman_shaoxing/WFDBRecords/29/291/index.html" [1]
Last-modified header missing -- time-stamps turned off.
2026-03-10 19:52:18 URL:https://physionet.org/files/ecg-arrhythmia/1.0.0/WFDBRecords/29/292/ [23585] -> "/home/user04/Projects/Cardio/CardioEquation/data/chapman_shaoxing/WFDBRecords/29/292/index.html" [1]
Last-modified header missing -- time-stamps turned off.
2026-03-10 19:52:19 URL:https://physionet.org/files/ecg-arrhythmia/1.0.0/WFDBRecords/29/293/ [23585] -> "/home/user04/Projects/Cardio/CardioEquation/data/chapman_shaoxing/WFDBRecords/29/293/index.html" [1]
Last-modified header missing -- time-stamps turned off.
2026-03-10 19:52:19 URL:https://physionet.org/files/ecg-arrhythmia/1.0.0/WFDBRecords/29/294/ [23585] -> "/home/user04/Projects/Cardio/CardioEquation/data/chapman_shaoxing/WFDBRecords/29/294/index.html" [1]
Last-modified header missing -- time-stamps turned off.
2026-03-10 19:52:20 URL:https://physionet.org/files/ecg-arrhythmia/1.0.0/WFDBRecords/29/295/ [23585] -> "/home/user04/Projects/Cardio/CardioEquation/data/chapman_shaoxing/WFDBRecords/29/295/index.html" [1]
Last-modified header missing -- time-stamps turned off.
2026-03-10 19:52:20 URL:https://physionet.org/files/ecg-arrhythmia/1.0.0/WFDBRecords/29/296/ [23585] -> "/home/user04/Projects/Cardio/CardioEquation/data/chapman_shaoxing/WFDBRecords/29/296/index.html" [1]
Last-modified header missing -- time-stamps turned off.
2026-03-10 19:52:22 URL:https://physionet.org/files/ecg-arrhythmia/1.0.0/WFDBRecords/29/297/ [23585] -> "/home/user04/Projects/Cardio/CardioEquation/data/chapman_shaoxing/WFDBRecords/29/297/index.html" [1]
Last-modified header missing -- time-stamps turned off.
2026-03-10 19:52:22 URL:https://physionet.org/files/ecg-arrhythmia/1.0.0/WFDBRecords/29/298/ [23585] -> "/home/user04/Projects/Cardio/CardioEquation/data/chapman_shaoxing/WFDBRecords/29/298/index.html" [1]
Last-modified header missing -- time-stamps turned off.
2026-03-10 19:52:23 URL:https://physionet.org/files/ecg-arrhythmia/1.0.0/WFDBRecords/29/299/ [23585] -> "/home/user04/Projects/Cardio/CardioEquation/data/chapman_shaoxing/WFDBRecords/29/299/index.html" [1]
Last-modified header missing -- time-stamps turned off.
2026-03-10 19:52:23 URL:https://physionet.org/files/ecg-arrhythmia/1.0.0/WFDBRecords/30/300/ [23585] -> "/home/user04/Projects/Cardio/CardioEquation/data/chapman_shaoxing/WFDBRecords/30/300/index.html" [1]
Last-modified header missing -- time-stamps turned off.
2026-03-10 19:52:23 URL:https://physionet.org/files/ecg-arrhythmia/1.0.0/WFDBRecords/30/301/ [23585] -> "/home/user04/Projects/Cardio/CardioEquation/data/chapman_shaoxing/WFDBRecords/30/301/index.html" [1]
Last-modified header missing -- time-stamps turned off.
2026-03-10 19:52:24 URL:https://physionet.org/files/ecg-arrhythmia/1.0.0/WFDBRecords/30/302/ [23585] -> "/home/user04/Projects/Cardio/CardioEquation/data/chapman_shaoxing/WFDBRecords/30/302/index.html" [1]
Last-modified header missing -- time-stamps turned off.
2026-03-10 19:52:24 URL:https://physionet.org/files/ecg-arrhythmia/1.0.0/WFDBRecords/30/303/ [23585] -> "/home/user04/Projects/Cardio/CardioEquation/data/chapman_shaoxing/WFDBRecords/30/303/index.html" [1]
Last-modified header missing -- time-stamps turned off.
2026-03-10 19:52:25 URL:https://physionet.org/files/ecg-arrhythmia/1.0.0/WFDBRecords/30/304/ [23585] -> "/home/user04/Projects/Cardio/CardioEquation/data/chapman_shaoxing/WFDBRecords/30/304/index.html" [1]
Last-modified header missing -- time-stamps turned off.
2026-03-10 19:52:25 URL:https://physionet.org/files/ecg-arrhythmia/1.0.0/WFDBRecords/30/305/ [23585] -> "/home/user04/Projects/Cardio/CardioEquation/data/chapman_shaoxing/WFDBRecords/30/305/index.html" [1]
Last-modified header missing -- time-stamps turned off.
2026-03-10 19:52:26 URL:https://physionet.org/files/ecg-arrhythmia/1.0.0/WFDBRecords/30/306/ [23585] -> "/home/user04/Projects/Cardio/CardioEquation/data/chapman_shaoxing/WFDBRecords/30/306/index.html" [1]
Last-modified header missing -- time-stamps turned off.
2026-03-10 19:52:26 URL:https://physionet.org/files/ecg-arrhythmia/1.0.0/WFDBRecords/30/307/ [23585] -> "/home/user04/Projects/Cardio/CardioEquation/data/chapman_shaoxing/WFDBRecords/30/307/index.html" [1]
Last-modified header missing -- time-stamps turned off.
2026-03-10 19:52:27 URL:https://physionet.org/files/ecg-arrhythmia/1.0.0/WFDBRecords/30/308/ [23585] -> "/home/user04/Projects/Cardio/CardioEquation/data/chapman_shaoxing/WFDBRecords/30/308/index.html" [1]
Last-modified header missing -- time-stamps turned off.
2026-03-10 19:52:28 URL:https://physionet.org/files/ecg-arrhythmia/1.0.0/WFDBRecords/30/309/ [23585] -> "/home/user04/Projects/Cardio/CardioEquation/data/chapman_shaoxing/WFDBRecords/30/309/index.html" [1]
Last-modified header missing -- time-stamps turned off.
2026-03-10 19:52:29 URL:https://physionet.org/files/ecg-arrhythmia/1.0.0/WFDBRecords/31/310/ [23585] -> "/home/user04/Projects/Cardio/CardioEquation/data/chapman_shaoxing/WFDBRecords/31/310/index.html" [1]
Last-modified header missing -- time-stamps turned off.
2026-03-10 19:52:30 URL:https://physionet.org/files/ecg-arrhythmia/1.0.0/WFDBRecords/31/311/ [23585] -> "/home/user04/Projects/Cardio/CardioEquation/data/chapman_shaoxing/WFDBRecords/31/311/index.html" [1]
Last-modified header missing -- time-stamps turned off.
2026-03-10 19:52:30 URL:https://physionet.org/files/ecg-arrhythmia/1.0.0/WFDBRecords/31/312/ [23585] -> "/home/user04/Projects/Cardio/CardioEquation/data/chapman_shaoxing/WFDBRecords/31/312/index.html" [1]
Last-modified header missing -- time-stamps turned off.
2026-03-10 19:52:31 URL:https://physionet.org/files/ecg-arrhythmia/1.0.0/WFDBRecords/31/313/ [23585] -> "/home/user04/Projects/Cardio/CardioEquation/data/chapman_shaoxing/WFDBRecords/31/313/index.html" [1]
Last-modified header missing -- time-stamps turned off.
2026-03-10 19:52:31 URL:https://physionet.org/files/ecg-arrhythmia/1.0.0/WFDBRecords/31/314/ [23585] -> "/home/user04/Projects/Cardio/CardioEquation/data/chapman_shaoxing/WFDBRecords/31/314/index.html" [1]
Last-modified header missing -- time-stamps turned off.
2026-03-10 19:52:32 URL:https://physionet.org/files/ecg-arrhythmia/1.0.0/WFDBRecords/31/315/ [23585] -> "/home/user04/Projects/Cardio/CardioEquation/data/chapman_shaoxing/WFDBRecords/31/315/index.html" [1]
Last-modified header missing -- time-stamps turned off.
2026-03-10 19:52:33 URL:https://physionet.org/files/ecg-arrhythmia/1.0.0/WFDBRecords/31/316/ [23585] -> "/home/user04/Projects/Cardio/CardioEquation/data/chapman_shaoxing/WFDBRecords/31/316/index.html" [1]
Last-modified header missing -- time-stamps turned off.
2026-03-10 19:52:33 URL:https://physionet.org/files/ecg-arrhythmia/1.0.0/WFDBRecords/31/317/ [23585] -> "/home/user04/Projects/Cardio/CardioEquation/data/chapman_shaoxing/WFDBRecords/31/317/index.html" [1]
Last-modified header missing -- time-stamps turned off.
2026-03-10 19:52:34 URL:https://physionet.org/files/ecg-arrhythmia/1.0.0/WFDBRecords/31/318/ [23585] -> "/home/user04/Projects/Cardio/CardioEquation/data/chapman_shaoxing/WFDBRecords/31/318/index.html" [1]
Last-modified header missing -- time-stamps turned off.
2026-03-10 19:52:35 URL:https://physionet.org/files/ecg-arrhythmia/1.0.0/WFDBRecords/31/319/ [23585] -> "/home/user04/Projects/Cardio/CardioEquation/data/chapman_shaoxing/WFDBRecords/31/319/index.html" [1]
Last-modified header missing -- time-stamps turned off.
2026-03-10 19:52:35 URL:https://physionet.org/files/ecg-arrhythmia/1.0.0/WFDBRecords/32/320/ [23585] -> "/home/user04/Projects/Cardio/CardioEquation/data/chapman_shaoxing/WFDBRecords/32/320/index.html" [1]
Last-modified header missing -- time-stamps turned off.
2026-03-10 19:52:36 URL:https://physionet.org/files/ecg-arrhythmia/1.0.0/WFDBRecords/32/321/ [23585] -> "/home/user04/Projects/Cardio/CardioEquation/data/chapman_shaoxing/WFDBRecords/32/321/index.html" [1]
Last-modified header missing -- time-stamps turned off.
2026-03-10 19:52:37 URL:https://physionet.org/files/ecg-arrhythmia/1.0.0/WFDBRecords/32/322/ [23585] -> "/home/user04/Projects/Cardio/CardioEquation/data/chapman_shaoxing/WFDBRecords/32/322/index.html" [1]
Last-modified header missing -- time-stamps turned off.
2026-03-10 19:52:37 URL:https://physionet.org/files/ecg-arrhythmia/1.0.0/WFDBRecords/32/323/ [23585] -> "/home/user04/Projects/Cardio/CardioEquation/data/chapman_shaoxing/WFDBRecords/32/323/index.html" [1]
Last-modified header missing -- time-stamps turned off.
2026-03-10 19:52:38 URL:https://physionet.org/files/ecg-arrhythmia/1.0.0/WFDBRecords/32/324/ [23585] -> "/home/user04/Projects/Cardio/CardioEquation/data/chapman_shaoxing/WFDBRecords/32/324/index.html" [1]
Last-modified header missing -- time-stamps turned off.
2026-03-10 19:52:38 URL:https://physionet.org/files/ecg-arrhythmia/1.0.0/WFDBRecords/32/325/ [23585] -> "/home/user04/Projects/Cardio/CardioEquation/data/chapman_shaoxing/WFDBRecords/32/325/index.html" [1]
Last-modified header missing -- time-stamps turned off.
2026-03-10 19:52:39 URL:https://physionet.org/files/ecg-arrhythmia/1.0.0/WFDBRecords/32/326/ [23585] -> "/home/user04/Projects/Cardio/CardioEquation/data/chapman_shaoxing/WFDBRecords/32/326/index.html" [1]
Last-modified header missing -- time-stamps turned off.
2026-03-10 19:52:40 URL:https://physionet.org/files/ecg-arrhythmia/1.0.0/WFDBRecords/32/327/ [23585] -> "/home/user04/Projects/Cardio/CardioEquation/data/chapman_shaoxing/WFDBRecords/32/327/index.html" [1]
Last-modified header missing -- time-stamps turned off.
2026-03-10 19:52:41 URL:https://physionet.org/files/ecg-arrhythmia/1.0.0/WFDBRecords/32/328/ [23585] -> "/home/user04/Projects/Cardio/CardioEquation/data/chapman_shaoxing/WFDBRecords/32/328/index.html" [1]
Last-modified header missing -- time-stamps turned off.
2026-03-10 19:52:41 URL:https://physionet.org/files/ecg-arrhythmia/1.0.0/WFDBRecords/32/329/ [23585] -> "/home/user04/Projects/Cardio/CardioEquation/data/chapman_shaoxing/WFDBRecords/32/329/index.html" [1]
Last-modified header missing -- time-stamps turned off.
2026-03-10 19:52:42 URL:https://physionet.org/files/ecg-arrhythmia/1.0.0/WFDBRecords/33/330/ [23585] -> "/home/user04/Projects/Cardio/CardioEquation/data/chapman_shaoxing/WFDBRecords/33/330/index.html" [1]
Last-modified header missing -- time-stamps turned off.
2026-03-10 19:52:43 URL:https://physionet.org/files/ecg-arrhythmia/1.0.0/WFDBRecords/33/331/ [23585] -> "/home/user04/Projects/Cardio/CardioEquation/data/chapman_shaoxing/WFDBRecords/33/331/index.html" [1]
Last-modified header missing -- time-stamps turned off.
2026-03-10 19:52:44 URL:https://physionet.org/files/ecg-arrhythmia/1.0.0/WFDBRecords/33/332/ [23585] -> "/home/user04/Projects/Cardio/CardioEquation/data/chapman_shaoxing/WFDBRecords/33/332/index.html" [1]
Last-modified header missing -- time-stamps turned off.
2026-03-10 19:52:44 URL:https://physionet.org/files/ecg-arrhythmia/1.0.0/WFDBRecords/33/333/ [23585] -> "/home/user04/Projects/Cardio/CardioEquation/data/chapman_shaoxing/WFDBRecords/33/333/index.html" [1]
Last-modified header missing -- time-stamps turned off.
2026-03-10 19:52:45 URL:https://physionet.org/files/ecg-arrhythmia/1.0.0/WFDBRecords/33/334/ [23585] -> "/home/user04/Projects/Cardio/CardioEquation/data/chapman_shaoxing/WFDBRecords/33/334/index.html" [1]
Last-modified header missing -- time-stamps turned off.
2026-03-10 19:52:46 URL:https://physionet.org/files/ecg-arrhythmia/1.0.0/WFDBRecords/33/335/ [23585] -> "/home/user04/Projects/Cardio/CardioEquation/data/chapman_shaoxing/WFDBRecords/33/335/index.html" [1]
Last-modified header missing -- time-stamps turned off.
2026-03-10 19:52:47 URL:https://physionet.org/files/ecg-arrhythmia/1.0.0/WFDBRecords/33/336/ [23585] -> "/home/user04/Projects/Cardio/CardioEquation/data/chapman_shaoxing/WFDBRecords/33/336/index.html" [1]
Last-modified header missing -- time-stamps turned off.
2026-03-10 19:52:49 URL:https://physionet.org/files/ecg-arrhythmia/1.0.0/WFDBRecords/33/337/ [23585] -> "/home/user04/Projects/Cardio/CardioEquation/data/chapman_shaoxing/WFDBRecords/33/337/index.html" [1]
Last-modified header missing -- time-stamps turned off.
2026-03-10 19:52:49 URL:https://physionet.org/files/ecg-arrhythmia/1.0.0/WFDBRecords/33/338/ [23585] -> "/home/user04/Projects/Cardio/CardioEquation/data/chapman_shaoxing/WFDBRecords/33/338/index.html" [1]
Last-modified header missing -- time-stamps turned off.
2026-03-10 19:52:51 URL:https://physionet.org/files/ecg-arrhythmia/1.0.0/WFDBRecords/33/339/ [23585] -> "/home/user04/Projects/Cardio/CardioEquation/data/chapman_shaoxing/WFDBRecords/33/339/index.html" [1]
Last-modified header missing -- time-stamps turned off.
2026-03-10 19:52:53 URL:https://physionet.org/files/ecg-arrhythmia/1.0.0/WFDBRecords/34/340/ [23585] -> "/home/user04/Projects/Cardio/CardioEquation/data/chapman_shaoxing/WFDBRecords/34/340/index.html" [1]
Last-modified header missing -- time-stamps turned off.
2026-03-10 19:52:54 URL:https://physionet.org/files/ecg-arrhythmia/1.0.0/WFDBRecords/34/341/ [23585] -> "/home/user04/Projects/Cardio/CardioEquation/data/chapman_shaoxing/WFDBRecords/34/341/index.html" [1]
Last-modified header missing -- time-stamps turned off.
2026-03-10 19:52:55 URL:https://physionet.org/files/ecg-arrhythmia/1.0.0/WFDBRecords/34/342/ [23585] -> "/home/user04/Projects/Cardio/CardioEquation/data/chapman_shaoxing/WFDBRecords/34/342/index.html" [1]
Last-modified header missing -- time-stamps turned off.
2026-03-10 19:52:56 URL:https://physionet.org/files/ecg-arrhythmia/1.0.0/WFDBRecords/34/343/ [23585] -> "/home/user04/Projects/Cardio/CardioEquation/data/chapman_shaoxing/WFDBRecords/34/343/index.html" [1]
Last-modified header missing -- time-stamps turned off.
2026-03-10 19:52:57 URL:https://physionet.org/files/ecg-arrhythmia/1.0.0/WFDBRecords/34/344/ [23585] -> "/home/user04/Projects/Cardio/CardioEquation/data/chapman_shaoxing/WFDBRecords/34/344/index.html" [1]
Last-modified header missing -- time-stamps turned off.
2026-03-10 19:52:57 URL:https://physionet.org/files/ecg-arrhythmia/1.0.0/WFDBRecords/34/345/ [23585] -> "/home/user04/Projects/Cardio/CardioEquation/data/chapman_shaoxing/WFDBRecords/34/345/index.html" [1]
Last-modified header missing -- time-stamps turned off.
2026-03-10 19:52:58 URL:https://physionet.org/files/ecg-arrhythmia/1.0.0/WFDBRecords/34/346/ [23585] -> "/home/user04/Projects/Cardio/CardioEquation/data/chapman_shaoxing/WFDBRecords/34/346/index.html" [1]
Last-modified header missing -- time-stamps turned off.
2026-03-10 19:52:59 URL:https://physionet.org/files/ecg-arrhythmia/1.0.0/WFDBRecords/34/347/ [23585] -> "/home/user04/Projects/Cardio/CardioEquation/data/chapman_shaoxing/WFDBRecords/34/347/index.html" [1]
Last-modified header missing -- time-stamps turned off.
2026-03-10 19:52:59 URL:https://physionet.org/files/ecg-arrhythmia/1.0.0/WFDBRecords/34/348/ [23585] -> "/home/user04/Projects/Cardio/CardioEquation/data/chapman_shaoxing/WFDBRecords/34/348/index.html" [1]
Last-modified header missing -- time-stamps turned off.
2026-03-10 19:53:00 URL:https://physionet.org/files/ecg-arrhythmia/1.0.0/WFDBRecords/34/349/ [23585] -> "/home/user04/Projects/Cardio/CardioEquation/data/chapman_shaoxing/WFDBRecords/34/349/index.html" [1]
Last-modified header missing -- time-stamps turned off.
2026-03-10 19:53:00 URL:https://physionet.org/files/ecg-arrhythmia/1.0.0/WFDBRecords/35/350/ [23585] -> "/home/user04/Projects/Cardio/CardioEquation/data/chapman_shaoxing/WFDBRecords/35/350/index.html" [1]
Last-modified header missing -- time-stamps turned off.
2026-03-10 19:53:01 URL:https://physionet.org/files/ecg-arrhythmia/1.0.0/WFDBRecords/35/351/ [23585] -> "/home/user04/Projects/Cardio/CardioEquation/data/chapman_shaoxing/WFDBRecords/35/351/index.html" [1]
Last-modified header missing -- time-stamps turned off.
2026-03-10 19:53:01 URL:https://physionet.org/files/ecg-arrhythmia/1.0.0/WFDBRecords/35/352/ [23585] -> "/home/user04/Projects/Cardio/CardioEquation/data/chapman_shaoxing/WFDBRecords/35/352/index.html" [1]
Last-modified header missing -- time-stamps turned off.
2026-03-10 19:53:01 URL:https://physionet.org/files/ecg-arrhythmia/1.0.0/WFDBRecords/35/353/ [23585] -> "/home/user04/Projects/Cardio/CardioEquation/data/chapman_shaoxing/WFDBRecords/35/353/index.html" [1]
Last-modified header missing -- time-stamps turned off.
2026-03-10 19:53:02 URL:https://physionet.org/files/ecg-arrhythmia/1.0.0/WFDBRecords/35/354/ [23585] -> "/home/user04/Projects/Cardio/CardioEquation/data/chapman_shaoxing/WFDBRecords/35/354/index.html" [1]
Last-modified header missing -- time-stamps turned off.
2026-03-10 19:53:02 URL:https://physionet.org/files/ecg-arrhythmia/1.0.0/WFDBRecords/35/355/ [23585] -> "/home/user04/Projects/Cardio/CardioEquation/data/chapman_shaoxing/WFDBRecords/35/355/index.html" [1]
Last-modified header missing -- time-stamps turned off.
2026-03-10 19:53:03 URL:https://physionet.org/files/ecg-arrhythmia/1.0.0/WFDBRecords/35/356/ [23585] -> "/home/user04/Projects/Cardio/CardioEquation/data/chapman_shaoxing/WFDBRecords/35/356/index.html" [1]
Last-modified header missing -- time-stamps turned off.
2026-03-10 19:53:03 URL:https://physionet.org/files/ecg-arrhythmia/1.0.0/WFDBRecords/35/357/ [23585] -> "/home/user04/Projects/Cardio/CardioEquation/data/chapman_shaoxing/WFDBRecords/35/357/index.html" [1]
Last-modified header missing -- time-stamps turned off.
2026-03-10 19:53:03 URL:https://physionet.org/files/ecg-arrhythmia/1.0.0/WFDBRecords/35/358/ [23585] -> "/home/user04/Projects/Cardio/CardioEquation/data/chapman_shaoxing/WFDBRecords/35/358/index.html" [1]
Last-modified header missing -- time-stamps turned off.
2026-03-10 19:53:04 URL:https://physionet.org/files/ecg-arrhythmia/1.0.0/WFDBRecords/35/359/ [23585] -> "/home/user04/Projects/Cardio/CardioEquation/data/chapman_shaoxing/WFDBRecords/35/359/index.html" [1]
Last-modified header missing -- time-stamps turned off.
2026-03-10 19:53:04 URL:https://physionet.org/files/ecg-arrhythmia/1.0.0/WFDBRecords/36/360/ [23585] -> "/home/user04/Projects/Cardio/CardioEquation/data/chapman_shaoxing/WFDBRecords/36/360/index.html" [1]
Last-modified header missing -- time-stamps turned off.
2026-03-10 19:53:05 URL:https://physionet.org/files/ecg-arrhythmia/1.0.0/WFDBRecords/36/361/ [23585] -> "/home/user04/Projects/Cardio/CardioEquation/data/chapman_shaoxing/WFDBRecords/36/361/index.html" [1]
Last-modified header missing -- time-stamps turned off.
2026-03-10 19:53:05 URL:https://physionet.org/files/ecg-arrhythmia/1.0.0/WFDBRecords/36/362/ [23585] -> "/home/user04/Projects/Cardio/CardioEquation/data/chapman_shaoxing/WFDBRecords/36/362/index.html" [1]
Last-modified header missing -- time-stamps turned off.
2026-03-10 19:53:05 URL:https://physionet.org/files/ecg-arrhythmia/1.0.0/WFDBRecords/36/363/ [23585] -> "/home/user04/Projects/Cardio/CardioEquation/data/chapman_shaoxing/WFDBRecords/36/363/index.html" [1]
Last-modified header missing -- time-stamps turned off.
2026-03-10 19:53:06 URL:https://physionet.org/files/ecg-arrhythmia/1.0.0/WFDBRecords/36/364/ [23585] -> "/home/user04/Projects/Cardio/CardioEquation/data/chapman_shaoxing/WFDBRecords/36/364/index.html" [1]
Last-modified header missing -- time-stamps turned off.
2026-03-10 19:53:06 URL:https://physionet.org/files/ecg-arrhythmia/1.0.0/WFDBRecords/36/365/ [23585] -> "/home/user04/Projects/Cardio/CardioEquation/data/chapman_shaoxing/WFDBRecords/36/365/index.html" [1]
Last-modified header missing -- time-stamps turned off.
2026-03-10 19:53:07 URL:https://physionet.org/files/ecg-arrhythmia/1.0.0/WFDBRecords/36/366/ [23585] -> "/home/user04/Projects/Cardio/CardioEquation/data/chapman_shaoxing/WFDBRecords/36/366/index.html" [1]
Last-modified header missing -- time-stamps turned off.
2026-03-10 19:53:07 URL:https://physionet.org/files/ecg-arrhythmia/1.0.0/WFDBRecords/36/367/ [23585] -> "/home/user04/Projects/Cardio/CardioEquation/data/chapman_shaoxing/WFDBRecords/36/367/index.html" [1]
Last-modified header missing -- time-stamps turned off.
2026-03-10 19:53:07 URL:https://physionet.org/files/ecg-arrhythmia/1.0.0/WFDBRecords/36/368/ [23585] -> "/home/user04/Projects/Cardio/CardioEquation/data/chapman_shaoxing/WFDBRecords/36/368/index.html" [1]
Last-modified header missing -- time-stamps turned off.
2026-03-10 19:53:08 URL:https://physionet.org/files/ecg-arrhythmia/1.0.0/WFDBRecords/36/369/ [23585] -> "/home/user04/Projects/Cardio/CardioEquation/data/chapman_shaoxing/WFDBRecords/36/369/index.html" [1]
Last-modified header missing -- time-stamps turned off.
2026-03-10 19:53:08 URL:https://physionet.org/files/ecg-arrhythmia/1.0.0/WFDBRecords/37/370/ [23585] -> "/home/user04/Projects/Cardio/CardioEquation/data/chapman_shaoxing/WFDBRecords/37/370/index.html" [1]
Last-modified header missing -- time-stamps turned off.
2026-03-10 19:53:09 URL:https://physionet.org/files/ecg-arrhythmia/1.0.0/WFDBRecords/37/371/ [23585] -> "/home/user04/Projects/Cardio/CardioEquation/data/chapman_shaoxing/WFDBRecords/37/371/index.html" [1]
Last-modified header missing -- time-stamps turned off.
2026-03-10 19:53:09 URL:https://physionet.org/files/ecg-arrhythmia/1.0.0/WFDBRecords/37/372/ [23585] -> "/home/user04/Projects/Cardio/CardioEquation/data/chapman_shaoxing/WFDBRecords/37/372/index.html" [1]
Last-modified header missing -- time-stamps turned off.
2026-03-10 19:53:09 URL:https://physionet.org/files/ecg-arrhythmia/1.0.0/WFDBRecords/37/373/ [23585] -> "/home/user04/Projects/Cardio/CardioEquation/data/chapman_shaoxing/WFDBRecords/37/373/index.html" [1]
Last-modified header missing -- time-stamps turned off.
2026-03-10 19:53:10 URL:https://physionet.org/files/ecg-arrhythmia/1.0.0/WFDBRecords/37/374/ [23585] -> "/home/user04/Projects/Cardio/CardioEquation/data/chapman_shaoxing/WFDBRecords/37/374/index.html" [1]
Last-modified header missing -- time-stamps turned off.
2026-03-10 19:53:10 URL:https://physionet.org/files/ecg-arrhythmia/1.0.0/WFDBRecords/37/375/ [23585] -> "/home/user04/Projects/Cardio/CardioEquation/data/chapman_shaoxing/WFDBRecords/37/375/index.html" [1]
Last-modified header missing -- time-stamps turned off.
2026-03-10 19:53:11 URL:https://physionet.org/files/ecg-arrhythmia/1.0.0/WFDBRecords/37/376/ [23585] -> "/home/user04/Projects/Cardio/CardioEquation/data/chapman_shaoxing/WFDBRecords/37/376/index.html" [1]
Last-modified header missing -- time-stamps turned off.
2026-03-10 19:53:11 URL:https://physionet.org/files/ecg-arrhythmia/1.0.0/WFDBRecords/37/377/ [23585] -> "/home/user04/Projects/Cardio/CardioEquation/data/chapman_shaoxing/WFDBRecords/37/377/index.html" [1]
Last-modified header missing -- time-stamps turned off.
2026-03-10 19:53:11 URL:https://physionet.org/files/ecg-arrhythmia/1.0.0/WFDBRecords/37/378/ [23585] -> "/home/user04/Projects/Cardio/CardioEquation/data/chapman_shaoxing/WFDBRecords/37/378/index.html" [1]
Last-modified header missing -- time-stamps turned off.
2026-03-10 19:53:12 URL:https://physionet.org/files/ecg-arrhythmia/1.0.0/WFDBRecords/37/379/ [23585] -> "/home/user04/Projects/Cardio/CardioEquation/data/chapman_shaoxing/WFDBRecords/37/379/index.html" [1]
Last-modified header missing -- time-stamps turned off.
2026-03-10 19:53:12 URL:https://physionet.org/files/ecg-arrhythmia/1.0.0/WFDBRecords/38/380/ [23585] -> "/home/user04/Projects/Cardio/CardioEquation/data/chapman_shaoxing/WFDBRecords/38/380/index.html" [1]
Last-modified header missing -- time-stamps turned off.
2026-03-10 19:53:13 URL:https://physionet.org/files/ecg-arrhythmia/1.0.0/WFDBRecords/38/381/ [23585] -> "/home/user04/Projects/Cardio/CardioEquation/data/chapman_shaoxing/WFDBRecords/38/381/index.html" [1]
Last-modified header missing -- time-stamps turned off.
2026-03-10 19:53:13 URL:https://physionet.org/files/ecg-arrhythmia/1.0.0/WFDBRecords/38/382/ [23585] -> "/home/user04/Projects/Cardio/CardioEquation/data/chapman_shaoxing/WFDBRecords/38/382/index.html" [1]
Last-modified header missing -- time-stamps turned off.
2026-03-10 19:53:13 URL:https://physionet.org/files/ecg-arrhythmia/1.0.0/WFDBRecords/38/383/ [23585] -> "/home/user04/Projects/Cardio/CardioEquation/data/chapman_shaoxing/WFDBRecords/38/383/index.html" [1]
Last-modified header missing -- time-stamps turned off.
2026-03-10 19:53:14 URL:https://physionet.org/files/ecg-arrhythmia/1.0.0/WFDBRecords/38/384/ [23585] -> "/home/user04/Projects/Cardio/CardioEquation/data/chapman_shaoxing/WFDBRecords/38/384/index.html" [1]
Last-modified header missing -- time-stamps turned off.
2026-03-10 19:53:14 URL:https://physionet.org/files/ecg-arrhythmia/1.0.0/WFDBRecords/38/385/ [23585] -> "/home/user04/Projects/Cardio/CardioEquation/data/chapman_shaoxing/WFDBRecords/38/385/index.html" [1]
Last-modified header missing -- time-stamps turned off.
2026-03-10 19:53:15 URL:https://physionet.org/files/ecg-arrhythmia/1.0.0/WFDBRecords/38/386/ [23585] -> "/home/user04/Projects/Cardio/CardioEquation/data/chapman_shaoxing/WFDBRecords/38/386/index.html" [1]
Last-modified header missing -- time-stamps turned off.
2026-03-10 19:53:15 URL:https://physionet.org/files/ecg-arrhythmia/1.0.0/WFDBRecords/38/387/ [23585] -> "/home/user04/Projects/Cardio/CardioEquation/data/chapman_shaoxing/WFDBRecords/38/387/index.html" [1]
Last-modified header missing -- time-stamps turned off.
2026-03-10 19:53:15 URL:https://physionet.org/files/ecg-arrhythmia/1.0.0/WFDBRecords/38/388/ [23585] -> "/home/user04/Projects/Cardio/CardioEquation/data/chapman_shaoxing/WFDBRecords/38/388/index.html" [1]
Last-modified header missing -- time-stamps turned off.
2026-03-10 19:53:16 URL:https://physionet.org/files/ecg-arrhythmia/1.0.0/WFDBRecords/38/389/ [23585] -> "/home/user04/Projects/Cardio/CardioEquation/data/chapman_shaoxing/WFDBRecords/38/389/index.html" [1]
Last-modified header missing -- time-stamps turned off.
2026-03-10 19:53:16 URL:https://physionet.org/files/ecg-arrhythmia/1.0.0/WFDBRecords/39/390/ [23585] -> "/home/user04/Projects/Cardio/CardioEquation/data/chapman_shaoxing/WFDBRecords/39/390/index.html" [1]
Last-modified header missing -- time-stamps turned off.
2026-03-10 19:53:17 URL:https://physionet.org/files/ecg-arrhythmia/1.0.0/WFDBRecords/39/391/ [23585] -> "/home/user04/Projects/Cardio/CardioEquation/data/chapman_shaoxing/WFDBRecords/39/391/index.html" [1]
Last-modified header missing -- time-stamps turned off.
2026-03-10 19:53:17 URL:https://physionet.org/files/ecg-arrhythmia/1.0.0/WFDBRecords/39/392/ [23585] -> "/home/user04/Projects/Cardio/CardioEquation/data/chapman_shaoxing/WFDBRecords/39/392/index.html" [1]
Last-modified header missing -- time-stamps turned off.
2026-03-10 19:53:17 URL:https://physionet.org/files/ecg-arrhythmia/1.0.0/WFDBRecords/39/393/ [23585] -> "/home/user04/Projects/Cardio/CardioEquation/data/chapman_shaoxing/WFDBRecords/39/393/index.html" [1]
Last-modified header missing -- time-stamps turned off.
2026-03-10 19:53:18 URL:https://physionet.org/files/ecg-arrhythmia/1.0.0/WFDBRecords/39/394/ [23585] -> "/home/user04/Projects/Cardio/CardioEquation/data/chapman_shaoxing/WFDBRecords/39/394/index.html" [1]
Last-modified header missing -- time-stamps turned off.
2026-03-10 19:53:18 URL:https://physionet.org/files/ecg-arrhythmia/1.0.0/WFDBRecords/39/395/ [23585] -> "/home/user04/Projects/Cardio/CardioEquation/data/chapman_shaoxing/WFDBRecords/39/395/index.html" [1]
Last-modified header missing -- time-stamps turned off.
2026-03-10 19:53:19 URL:https://physionet.org/files/ecg-arrhythmia/1.0.0/WFDBRecords/39/396/ [23585] -> "/home/user04/Projects/Cardio/CardioEquation/data/chapman_shaoxing/WFDBRecords/39/396/index.html" [1]
Last-modified header missing -- time-stamps turned off.
2026-03-10 19:53:19 URL:https://physionet.org/files/ecg-arrhythmia/1.0.0/WFDBRecords/39/397/ [23585] -> "/home/user04/Projects/Cardio/CardioEquation/data/chapman_shaoxing/WFDBRecords/39/397/index.html" [1]
Last-modified header missing -- time-stamps turned off.
2026-03-10 19:53:19 URL:https://physionet.org/files/ecg-arrhythmia/1.0.0/WFDBRecords/39/398/ [23585] -> "/home/user04/Projects/Cardio/CardioEquation/data/chapman_shaoxing/WFDBRecords/39/398/index.html" [1]
Last-modified header missing -- time-stamps turned off.
2026-03-10 19:53:20 URL:https://physionet.org/files/ecg-arrhythmia/1.0.0/WFDBRecords/39/399/ [23585] -> "/home/user04/Projects/Cardio/CardioEquation/data/chapman_shaoxing/WFDBRecords/39/399/index.html" [1]
Last-modified header missing -- time-stamps turned off.
2026-03-10 19:53:20 URL:https://physionet.org/files/ecg-arrhythmia/1.0.0/WFDBRecords/40/400/ [23585] -> "/home/user04/Projects/Cardio/CardioEquation/data/chapman_shaoxing/WFDBRecords/40/400/index.html" [1]
Last-modified header missing -- time-stamps turned off.
2026-03-10 19:53:21 URL:https://physionet.org/files/ecg-arrhythmia/1.0.0/WFDBRecords/40/401/ [23585] -> "/home/user04/Projects/Cardio/CardioEquation/data/chapman_shaoxing/WFDBRecords/40/401/index.html" [1]
Last-modified header missing -- time-stamps turned off.
2026-03-10 19:53:22 URL:https://physionet.org/files/ecg-arrhythmia/1.0.0/WFDBRecords/40/402/ [23585] -> "/home/user04/Projects/Cardio/CardioEquation/data/chapman_shaoxing/WFDBRecords/40/402/index.html" [1]
Last-modified header missing -- time-stamps turned off.
2026-03-10 19:53:22 URL:https://physionet.org/files/ecg-arrhythmia/1.0.0/WFDBRecords/40/403/ [23585] -> "/home/user04/Projects/Cardio/CardioEquation/data/chapman_shaoxing/WFDBRecords/40/403/index.html" [1]
Last-modified header missing -- time-stamps turned off.
2026-03-10 19:53:23 URL:https://physionet.org/files/ecg-arrhythmia/1.0.0/WFDBRecords/40/404/ [23585] -> "/home/user04/Projects/Cardio/CardioEquation/data/chapman_shaoxing/WFDBRecords/40/404/index.html" [1]
Last-modified header missing -- time-stamps turned off.
2026-03-10 19:53:24 URL:https://physionet.org/files/ecg-arrhythmia/1.0.0/WFDBRecords/40/405/ [23585] -> "/home/user04/Projects/Cardio/CardioEquation/data/chapman_shaoxing/WFDBRecords/40/405/index.html" [1]
Last-modified header missing -- time-stamps turned off.
2026-03-10 19:53:24 URL:https://physionet.org/files/ecg-arrhythmia/1.0.0/WFDBRecords/40/406/ [23585] -> "/home/user04/Projects/Cardio/CardioEquation/data/chapman_shaoxing/WFDBRecords/40/406/index.html" [1]
Last-modified header missing -- time-stamps turned off.
2026-03-10 19:53:25 URL:https://physionet.org/files/ecg-arrhythmia/1.0.0/WFDBRecords/40/407/ [23585] -> "/home/user04/Projects/Cardio/CardioEquation/data/chapman_shaoxing/WFDBRecords/40/407/index.html" [1]
Last-modified header missing -- time-stamps turned off.
2026-03-10 19:53:26 URL:https://physionet.org/files/ecg-arrhythmia/1.0.0/WFDBRecords/40/408/ [23585] -> "/home/user04/Projects/Cardio/CardioEquation/data/chapman_shaoxing/WFDBRecords/40/408/index.html" [1]
Last-modified header missing -- time-stamps turned off.
2026-03-10 19:53:27 URL:https://physionet.org/files/ecg-arrhythmia/1.0.0/WFDBRecords/40/409/ [23585] -> "/home/user04/Projects/Cardio/CardioEquation/data/chapman_shaoxing/WFDBRecords/40/409/index.html" [1]
Last-modified header missing -- time-stamps turned off.
2026-03-10 19:53:28 URL:https://physionet.org/files/ecg-arrhythmia/1.0.0/WFDBRecords/41/410/ [23585] -> "/home/user04/Projects/Cardio/CardioEquation/data/chapman_shaoxing/WFDBRecords/41/410/index.html" [1]
Last-modified header missing -- time-stamps turned off.
2026-03-10 19:53:28 URL:https://physionet.org/files/ecg-arrhythmia/1.0.0/WFDBRecords/41/411/ [23585] -> "/home/user04/Projects/Cardio/CardioEquation/data/chapman_shaoxing/WFDBRecords/41/411/index.html" [1]
Last-modified header missing -- time-stamps turned off.
2026-03-10 19:53:29 URL:https://physionet.org/files/ecg-arrhythmia/1.0.0/WFDBRecords/41/412/ [23585] -> "/home/user04/Projects/Cardio/CardioEquation/data/chapman_shaoxing/WFDBRecords/41/412/index.html" [1]
Last-modified header missing -- time-stamps turned off.
2026-03-10 19:53:29 URL:https://physionet.org/files/ecg-arrhythmia/1.0.0/WFDBRecords/41/413/ [23585] -> "/home/user04/Projects/Cardio/CardioEquation/data/chapman_shaoxing/WFDBRecords/41/413/index.html" [1]
Last-modified header missing -- time-stamps turned off.
2026-03-10 19:53:30 URL:https://physionet.org/files/ecg-arrhythmia/1.0.0/WFDBRecords/41/414/ [23585] -> "/home/user04/Projects/Cardio/CardioEquation/data/chapman_shaoxing/WFDBRecords/41/414/index.html" [1]
Last-modified header missing -- time-stamps turned off.
2026-03-10 19:53:31 URL:https://physionet.org/files/ecg-arrhythmia/1.0.0/WFDBRecords/41/415/ [23585] -> "/home/user04/Projects/Cardio/CardioEquation/data/chapman_shaoxing/WFDBRecords/41/415/index.html" [1]
Last-modified header missing -- time-stamps turned off.
2026-03-10 19:53:32 URL:https://physionet.org/files/ecg-arrhythmia/1.0.0/WFDBRecords/41/416/ [23585] -> "/home/user04/Projects/Cardio/CardioEquation/data/chapman_shaoxing/WFDBRecords/41/416/index.html" [1]
Last-modified header missing -- time-stamps turned off.
2026-03-10 19:53:34 URL:https://physionet.org/files/ecg-arrhythmia/1.0.0/WFDBRecords/41/417/ [23585] -> "/home/user04/Projects/Cardio/CardioEquation/data/chapman_shaoxing/WFDBRecords/41/417/index.html" [1]
Last-modified header missing -- time-stamps turned off.
2026-03-10 19:53:35 URL:https://physionet.org/files/ecg-arrhythmia/1.0.0/WFDBRecords/41/418/ [23585] -> "/home/user04/Projects/Cardio/CardioEquation/data/chapman_shaoxing/WFDBRecords/41/418/index.html" [1]
Last-modified header missing -- time-stamps turned off.
2026-03-10 19:53:36 URL:https://physionet.org/files/ecg-arrhythmia/1.0.0/WFDBRecords/41/419/ [23585] -> "/home/user04/Projects/Cardio/CardioEquation/data/chapman_shaoxing/WFDBRecords/41/419/index.html" [1]
Last-modified header missing -- time-stamps turned off.
2026-03-10 19:53:37 URL:https://physionet.org/files/ecg-arrhythmia/1.0.0/WFDBRecords/42/420/ [23585] -> "/home/user04/Projects/Cardio/CardioEquation/data/chapman_shaoxing/WFDBRecords/42/420/index.html" [1]
Last-modified header missing -- time-stamps turned off.
2026-03-10 19:53:38 URL:https://physionet.org/files/ecg-arrhythmia/1.0.0/WFDBRecords/42/421/ [23585] -> "/home/user04/Projects/Cardio/CardioEquation/data/chapman_shaoxing/WFDBRecords/42/421/index.html" [1]
Last-modified header missing -- time-stamps turned off.
2026-03-10 19:53:40 URL:https://physionet.org/files/ecg-arrhythmia/1.0.0/WFDBRecords/42/422/ [23585] -> "/home/user04/Projects/Cardio/CardioEquation/data/chapman_shaoxing/WFDBRecords/42/422/index.html" [1]
Last-modified header missing -- time-stamps turned off.
2026-03-10 19:53:40 URL:https://physionet.org/files/ecg-arrhythmia/1.0.0/WFDBRecords/42/423/ [23585] -> "/home/user04/Projects/Cardio/CardioEquation/data/chapman_shaoxing/WFDBRecords/42/423/index.html" [1]
Last-modified header missing -- time-stamps turned off.
2026-03-10 19:53:42 URL:https://physionet.org/files/ecg-arrhythmia/1.0.0/WFDBRecords/42/424/ [23585] -> "/home/user04/Projects/Cardio/CardioEquation/data/chapman_shaoxing/WFDBRecords/42/424/index.html" [1]
Last-modified header missing -- time-stamps turned off.
2026-03-10 19:53:42 URL:https://physionet.org/files/ecg-arrhythmia/1.0.0/WFDBRecords/42/425/ [23585] -> "/home/user04/Projects/Cardio/CardioEquation/data/chapman_shaoxing/WFDBRecords/42/425/index.html" [1]
Last-modified header missing -- time-stamps turned off.
2026-03-10 19:53:44 URL:https://physionet.org/files/ecg-arrhythmia/1.0.0/WFDBRecords/42/426/ [23585] -> "/home/user04/Projects/Cardio/CardioEquation/data/chapman_shaoxing/WFDBRecords/42/426/index.html" [1]
Last-modified header missing -- time-stamps turned off.
2026-03-10 19:53:45 URL:https://physionet.org/files/ecg-arrhythmia/1.0.0/WFDBRecords/42/427/ [23585] -> "/home/user04/Projects/Cardio/CardioEquation/data/chapman_shaoxing/WFDBRecords/42/427/index.html" [1]
Last-modified header missing -- time-stamps turned off.
2026-03-10 19:53:46 URL:https://physionet.org/files/ecg-arrhythmia/1.0.0/WFDBRecords/42/428/ [23585] -> "/home/user04/Projects/Cardio/CardioEquation/data/chapman_shaoxing/WFDBRecords/42/428/index.html" [1]
Last-modified header missing -- time-stamps turned off.
2026-03-10 19:53:47 URL:https://physionet.org/files/ecg-arrhythmia/1.0.0/WFDBRecords/42/429/ [23585] -> "/home/user04/Projects/Cardio/CardioEquation/data/chapman_shaoxing/WFDBRecords/42/429/index.html" [1]
Last-modified header missing -- time-stamps turned off.
2026-03-10 19:53:48 URL:https://physionet.org/files/ecg-arrhythmia/1.0.0/WFDBRecords/43/430/ [23585] -> "/home/user04/Projects/Cardio/CardioEquation/data/chapman_shaoxing/WFDBRecords/43/430/index.html" [1]
Last-modified header missing -- time-stamps turned off.
2026-03-10 19:53:49 URL:https://physionet.org/files/ecg-arrhythmia/1.0.0/WFDBRecords/43/431/ [23585] -> "/home/user04/Projects/Cardio/CardioEquation/data/chapman_shaoxing/WFDBRecords/43/431/index.html" [1]
Last-modified header missing -- time-stamps turned off.
2026-03-10 19:53:49 URL:https://physionet.org/files/ecg-arrhythmia/1.0.0/WFDBRecords/43/432/ [23585] -> "/home/user04/Projects/Cardio/CardioEquation/data/chapman_shaoxing/WFDBRecords/43/432/index.html" [1]
Last-modified header missing -- time-stamps turned off.
2026-03-10 19:53:50 URL:https://physionet.org/files/ecg-arrhythmia/1.0.0/WFDBRecords/43/433/ [23585] -> "/home/user04/Projects/Cardio/CardioEquation/data/chapman_shaoxing/WFDBRecords/43/433/index.html" [1]
Last-modified header missing -- time-stamps turned off.
2026-03-10 19:53:51 URL:https://physionet.org/files/ecg-arrhythmia/1.0.0/WFDBRecords/43/434/ [23585] -> "/home/user04/Projects/Cardio/CardioEquation/data/chapman_shaoxing/WFDBRecords/43/434/index.html" [1]
Last-modified header missing -- time-stamps turned off.
2026-03-10 19:53:52 URL:https://physionet.org/files/ecg-arrhythmia/1.0.0/WFDBRecords/43/435/ [23585] -> "/home/user04/Projects/Cardio/CardioEquation/data/chapman_shaoxing/WFDBRecords/43/435/index.html" [1]
Last-modified header missing -- time-stamps turned off.
2026-03-10 19:53:52 URL:https://physionet.org/files/ecg-arrhythmia/1.0.0/WFDBRecords/43/436/ [23585] -> "/home/user04/Projects/Cardio/CardioEquation/data/chapman_shaoxing/WFDBRecords/43/436/index.html" [1]
Last-modified header missing -- time-stamps turned off.
2026-03-10 19:53:53 URL:https://physionet.org/files/ecg-arrhythmia/1.0.0/WFDBRecords/43/437/ [23585] -> "/home/user04/Projects/Cardio/CardioEquation/data/chapman_shaoxing/WFDBRecords/43/437/index.html" [1]
Last-modified header missing -- time-stamps turned off.
2026-03-10 19:53:53 URL:https://physionet.org/files/ecg-arrhythmia/1.0.0/WFDBRecords/43/438/ [23585] -> "/home/user04/Projects/Cardio/CardioEquation/data/chapman_shaoxing/WFDBRecords/43/438/index.html" [1]
Last-modified header missing -- time-stamps turned off.
2026-03-10 19:53:54 URL:https://physionet.org/files/ecg-arrhythmia/1.0.0/WFDBRecords/43/439/ [23585] -> "/home/user04/Projects/Cardio/CardioEquation/data/chapman_shaoxing/WFDBRecords/43/439/index.html" [1]
Last-modified header missing -- time-stamps turned off.
2026-03-10 19:53:55 URL:https://physionet.org/files/ecg-arrhythmia/1.0.0/WFDBRecords/44/440/ [23585] -> "/home/user04/Projects/Cardio/CardioEquation/data/chapman_shaoxing/WFDBRecords/44/440/index.html" [1]
Last-modified header missing -- time-stamps turned off.
2026-03-10 19:53:55 URL:https://physionet.org/files/ecg-arrhythmia/1.0.0/WFDBRecords/44/441/ [23585] -> "/home/user04/Projects/Cardio/CardioEquation/data/chapman_shaoxing/WFDBRecords/44/441/index.html" [1]
Last-modified header missing -- time-stamps turned off.
2026-03-10 19:53:56 URL:https://physionet.org/files/ecg-arrhythmia/1.0.0/WFDBRecords/44/442/ [23585] -> "/home/user04/Projects/Cardio/CardioEquation/data/chapman_shaoxing/WFDBRecords/44/442/index.html" [1]
Last-modified header missing -- time-stamps turned off.
2026-03-10 19:53:57 URL:https://physionet.org/files/ecg-arrhythmia/1.0.0/WFDBRecords/44/443/ [23585] -> "/home/user04/Projects/Cardio/CardioEquation/data/chapman_shaoxing/WFDBRecords/44/443/index.html" [1]
Last-modified header missing -- time-stamps turned off.
2026-03-10 19:53:58 URL:https://physionet.org/files/ecg-arrhythmia/1.0.0/WFDBRecords/44/444/ [23585] -> "/home/user04/Projects/Cardio/CardioEquation/data/chapman_shaoxing/WFDBRecords/44/444/index.html" [1]
Last-modified header missing -- time-stamps turned off.
2026-03-10 19:53:59 URL:https://physionet.org/files/ecg-arrhythmia/1.0.0/WFDBRecords/44/445/ [23585] -> "/home/user04/Projects/Cardio/CardioEquation/data/chapman_shaoxing/WFDBRecords/44/445/index.html" [1]
Last-modified header missing -- time-stamps turned off.
2026-03-10 19:53:59 URL:https://physionet.org/files/ecg-arrhythmia/1.0.0/WFDBRecords/44/446/ [23585] -> "/home/user04/Projects/Cardio/CardioEquation/data/chapman_shaoxing/WFDBRecords/44/446/index.html" [1]
Last-modified header missing -- time-stamps turned off.
2026-03-10 19:54:00 URL:https://physionet.org/files/ecg-arrhythmia/1.0.0/WFDBRecords/44/447/ [23585] -> "/home/user04/Projects/Cardio/CardioEquation/data/chapman_shaoxing/WFDBRecords/44/447/index.html" [1]
Last-modified header missing -- time-stamps turned off.
2026-03-10 19:54:00 URL:https://physionet.org/files/ecg-arrhythmia/1.0.0/WFDBRecords/44/448/ [23585] -> "/home/user04/Projects/Cardio/CardioEquation/data/chapman_shaoxing/WFDBRecords/44/448/index.html" [1]
Last-modified header missing -- time-stamps turned off.
2026-03-10 19:54:00 URL:https://physionet.org/files/ecg-arrhythmia/1.0.0/WFDBRecords/44/449/ [23585] -> "/home/user04/Projects/Cardio/CardioEquation/data/chapman_shaoxing/WFDBRecords/44/449/index.html" [1]
Last-modified header missing -- time-stamps turned off.
2026-03-10 19:54:01 URL:https://physionet.org/files/ecg-arrhythmia/1.0.0/WFDBRecords/45/450/ [23585] -> "/home/user04/Projects/Cardio/CardioEquation/data/chapman_shaoxing/WFDBRecords/45/450/index.html" [1]
Last-modified header missing -- time-stamps turned off.
2026-03-10 19:54:01 URL:https://physionet.org/files/ecg-arrhythmia/1.0.0/WFDBRecords/45/451/ [23585] -> "/home/user04/Projects/Cardio/CardioEquation/data/chapman_shaoxing/WFDBRecords/45/451/index.html" [1]
Last-modified header missing -- time-stamps turned off.
2026-03-10 19:54:02 URL:https://physionet.org/files/ecg-arrhythmia/1.0.0/WFDBRecords/45/452/ [23585] -> "/home/user04/Projects/Cardio/CardioEquation/data/chapman_shaoxing/WFDBRecords/45/452/index.html" [1]
Last-modified header missing -- time-stamps turned off.
2026-03-10 19:54:03 URL:https://physionet.org/files/ecg-arrhythmia/1.0.0/WFDBRecords/45/453/ [23585] -> "/home/user04/Projects/Cardio/CardioEquation/data/chapman_shaoxing/WFDBRecords/45/453/index.html" [1]
Last-modified header missing -- time-stamps turned off.
2026-03-10 19:54:04 URL:https://physionet.org/files/ecg-arrhythmia/1.0.0/WFDBRecords/45/454/ [23585] -> "/home/user04/Projects/Cardio/CardioEquation/data/chapman_shaoxing/WFDBRecords/45/454/index.html" [1]
Last-modified header missing -- time-stamps turned off.
2026-03-10 19:54:05 URL:https://physionet.org/files/ecg-arrhythmia/1.0.0/WFDBRecords/45/455/ [23585] -> "/home/user04/Projects/Cardio/CardioEquation/data/chapman_shaoxing/WFDBRecords/45/455/index.html" [1]
Last-modified header missing -- time-stamps turned off.
2026-03-10 19:54:05 URL:https://physionet.org/files/ecg-arrhythmia/1.0.0/WFDBRecords/45/456/ [23585] -> "/home/user04/Projects/Cardio/CardioEquation/data/chapman_shaoxing/WFDBRecords/45/456/index.html" [1]
Last-modified header missing -- time-stamps turned off.
2026-03-10 19:54:06 URL:https://physionet.org/files/ecg-arrhythmia/1.0.0/WFDBRecords/45/457/ [23585] -> "/home/user04/Projects/Cardio/CardioEquation/data/chapman_shaoxing/WFDBRecords/45/457/index.html" [1]
Last-modified header missing -- time-stamps turned off.
2026-03-10 19:54:07 URL:https://physionet.org/files/ecg-arrhythmia/1.0.0/WFDBRecords/45/458/ [23585] -> "/home/user04/Projects/Cardio/CardioEquation/data/chapman_shaoxing/WFDBRecords/45/458/index.html" [1]
Last-modified header missing -- time-stamps turned off.
2026-03-10 19:54:08 URL:https://physionet.org/files/ecg-arrhythmia/1.0.0/WFDBRecords/45/459/ [23585] -> "/home/user04/Projects/Cardio/CardioEquation/data/chapman_shaoxing/WFDBRecords/45/459/index.html" [1]
Last-modified header missing -- time-stamps turned off.
2026-03-10 19:54:09 URL:https://physionet.org/files/ecg-arrhythmia/1.0.0/WFDBRecords/46/460/ [23585] -> "/home/user04/Projects/Cardio/CardioEquation/data/chapman_shaoxing/WFDBRecords/46/460/index.html" [1]
Last-modified header missing -- time-stamps turned off.
2026-03-10 19:54:09 URL:https://physionet.org/files/ecg-arrhythmia/1.0.0/WFDBRecords/46/461/ [12449] -> "/home/user04/Projects/Cardio/CardioEquation/data/chapman_shaoxing/WFDBRecords/46/461/index.html" [1]
